dataset,country,region,crop,season,year_start,yield_t_ha,split,predicted_yield_t_ha,prediction_error_t_ha
aus_us_wheat,Australia,New South Wales,Wheat,1989-90,1989,1.6121785815202034,train,1.7344647376467162,-0.12228615612651272
aus_us_wheat,Australia,New South Wales,Wheat,1990-91,1990,1.9058084772370487,train,2.161404431084897,-0.2555959538478485
aus_us_wheat,Australia,New South Wales,Wheat,1991-92,1991,1.456012805976122,train,1.769221092030977,-0.31320828605485507
aus_us_wheat,Australia,New South Wales,Wheat,1992-93,1992,2.114935064935065,train,2.179621910725629,-0.06468684579056427
aus_us_wheat,Australia,New South Wales,Wheat,1993-94,1993,2.5717247307478384,train,2.4122190882486825,0.1595056424991559
aus_us_wheat,Australia,New South Wales,Wheat,1994-95,1994,0.6142716673690125,train,0.9876486071950044,-0.37337693982599185
aus_us_wheat,Australia,New South Wales,Wheat,1995-96,1995,1.9363484087102167,train,2.048114338128218,-0.11176592941800112
aus_us_wheat,Australia,New South Wales,Wheat,1996-97,1996,2.620112781954888,train,1.969622147044431,0.6504906349104571
aus_us_wheat,Australia,New South Wales,Wheat,1997-98,1997,2.011579592670799,train,2.109251574065811,-0.09767198139501199
aus_us_wheat,Australia,New South Wales,Wheat,1998-99,1998,2.067962694561724,train,2.3489212732697364,-0.2809585787080122
aus_us_wheat,Australia,New South Wales,Wheat,1999-00,1999,2.5118703460359177,train,2.1527113962898095,0.3591589497461083
aus_us_wheat,Australia,New South Wales,Wheat,2000-01,2000,2.143211289092296,train,2.387786543660556,-0.24457525456826001
aus_us_wheat,Australia,New South Wales,Wheat,2001-02,2001,2.333952408589669,train,2.131755397229945,0.2021970113597238
aus_us_wheat,Australia,New South Wales,Wheat,2002-03,2002,0.8330773340456792,train,1.1993371786118732,-0.366259844566194
aus_us_wheat,Australia,New South Wales,Wheat,2003-04,2003,1.8296430185268864,train,1.7089436752792149,0.12069934324767151
aus_us_wheat,Australia,New South Wales,Wheat,2004-05,2004,1.77088081197284,train,2.1505021989739808,-0.3796213870011407
aus_us_wheat,Australia,New South Wales,Wheat,2005-06,2005,2.2647083649869164,train,2.2890466470096307,-0.024338282022714264
aus_us_wheat,Australia,New South Wales,Wheat,2006-07,2006,0.7140830969464375,train,0.9254592490366864,-0.21137615209024896
aus_us_wheat,Australia,New South Wales,Wheat,2007-08,2007,0.6179001721170395,train,1.025960480716119,-0.4080603085990794
aus_us_wheat,Australia,New South Wales,Wheat,2008-09,2008,1.6110545555504143,train,1.568780803716011,0.042273751834403406
aus_us_wheat,Australia,New South Wales,Wheat,2009-10,2009,1.3432933259679607,train,1.5350552442740508,-0.19176191830609013
aus_us_wheat,Australia,New South Wales,Wheat,2010-11,2010,2.749469158780507,train,2.845512164432357,-0.09604300565184998
aus_us_wheat,Australia,New South Wales,Wheat,2011-12,2011,2.1903150538963088,train,1.5988758529609983,0.5914392009353104
aus_us_wheat,Australia,New South Wales,Wheat,2012-13,2012,2.111825610016264,train,1.398746412298017,0.7130791977182467
aus_us_wheat,Australia,New South Wales,Wheat,2013-14,2013,2.0173898095850413,train,2.0846152992393736,-0.06722548965433228
aus_us_wheat,Australia,New South Wales,Wheat,2014-15,2014,2.101575501754716,train,1.718342762436044,0.3832327393186721
aus_us_wheat,Australia,New South Wales,Wheat,2015-16,2015,2.3519045834596373,train,2.2322925181237596,0.11961206533587765
aus_us_wheat,Australia,Queensland,Wheat,1989-90,1989,1.5878340601587837,train,0.9964904052927652,0.5913436548660185
aus_us_wheat,Australia,Queensland,Wheat,1990-91,1990,1.8609827407337547,train,1.4774589455581817,0.383523795175573
aus_us_wheat,Australia,Queensland,Wheat,1991-92,1991,0.6990034573927192,train,0.7010123464993014,-0.0020088891065822567
aus_us_wheat,Australia,Queensland,Wheat,1992-93,1992,1.0986252241482366,train,1.045112715196325,0.05351250895191151
aus_us_wheat,Australia,Queensland,Wheat,1993-94,1993,0.9998199819981998,train,1.5480471122242074,-0.5482271302260077
aus_us_wheat,Australia,Queensland,Wheat,1994-95,1994,0.5617669079111555,train,0.9902915031058801,-0.42852459519472463
aus_us_wheat,Australia,Queensland,Wheat,1995-96,1995,0.8292098962490024,train,1.4212418529579232,-0.5920319567089207
aus_us_wheat,Australia,Queensland,Wheat,1996-97,1996,2.0205164846381543,train,1.813560689818631,0.2069557948195233
aus_us_wheat,Australia,Queensland,Wheat,1997-98,1997,1.390153784701418,train,1.5111925716551606,-0.1210387869537426
aus_us_wheat,Australia,Queensland,Wheat,1998-99,1998,1.704601334738321,train,1.9045723496934117,-0.19997101495509062
aus_us_wheat,Australia,Queensland,Wheat,1999-00,1999,1.7372262773722629,train,1.3558857260246164,0.38134055134764644
aus_us_wheat,Australia,Queensland,Wheat,2000-01,2000,1.3074923720194374,train,1.1138646236225407,0.19362774839689667
aus_us_wheat,Australia,Queensland,Wheat,2001-02,2001,1.4913964262078094,train,1.2214151262544957,0.26998129995331377
aus_us_wheat,Australia,Queensland,Wheat,2002-03,2002,1.1681570762052875,train,1.2134021774602108,-0.045245101254923314
aus_us_wheat,Australia,Queensland,Wheat,2003-04,2003,1.4052171710776244,train,1.5069293350945077,-0.10171216401688321
aus_us_wheat,Australia,Queensland,Wheat,2004-05,2004,1.6461322081575247,train,1.1525591982897199,0.49357300986780483
aus_us_wheat,Australia,Queensland,Wheat,2005-06,2005,1.5644353077219582,train,1.5138241828106442,0.05061112491131392
aus_us_wheat,Australia,Queensland,Wheat,2006-07,2006,1.2173981191222571,train,1.0331809001306913,0.18421721899156585
aus_us_wheat,Australia,Queensland,Wheat,2007-08,2007,1.4260726566003887,train,1.9274778949552962,-0.5014052383549075
aus_us_wheat,Australia,Queensland,Wheat,2008-09,2008,1.9766643788606728,train,1.4680913444586579,0.508573034402015
aus_us_wheat,Australia,Queensland,Wheat,2009-10,2009,1.399916813975252,train,1.425435591751792,-0.02551877777653999
aus_us_wheat,Australia,Queensland,Wheat,2010-11,2010,1.6826062948647156,train,2.4275845683920765,-0.7449782735273609
aus_us_wheat,Australia,Queensland,Wheat,2011-12,2011,1.97891420592299,train,2.4083911064361825,-0.42947690051319243
aus_us_wheat,Australia,Queensland,Wheat,2012-13,2012,1.863865493814115,train,1.6361548499088374,0.22771064390527762
aus_us_wheat,Australia,Queensland,Wheat,2013-14,2013,1.367429464809916,train,1.5899844064340605,-0.22255494162414458
aus_us_wheat,Australia,Queensland,Wheat,2014-15,2014,1.5577624907657046,train,1.2713697710046663,0.2863927197610383
aus_us_wheat,Australia,Queensland,Wheat,2015-16,2015,2.153374363640232,train,1.970339355196926,0.1830350084433061
aus_us_wheat,Australia,South Australia,Wheat,1989-90,1989,1.6749325452910189,train,1.3461386048773667,0.3287939404136522
aus_us_wheat,Australia,South Australia,Wheat,1990-91,1990,1.3957728968089516,train,1.3852421648549378,0.010530731954013772
aus_us_wheat,Australia,South Australia,Wheat,1991-92,1991,1.6509870450339297,train,1.113975332604237,0.5370117124296927
aus_us_wheat,Australia,South Australia,Wheat,1992-93,1992,1.7056710109193376,train,2.14959198323625,-0.4439209723169122
aus_us_wheat,Australia,South Australia,Wheat,1993-94,1993,1.7443256578947368,train,1.4660538228599527,0.27827183503478414
aus_us_wheat,Australia,South Australia,Wheat,1994-95,1994,1.066465906646591,train,1.013581094691169,0.05288481195542194
aus_us_wheat,Australia,South Australia,Wheat,1995-96,1995,1.7931670067803305,train,1.7291974875552358,0.06396951922509464
aus_us_wheat,Australia,South Australia,Wheat,1996-97,1996,1.8209003843898623,train,1.5995187854241115,0.22138159896575083
aus_us_wheat,Australia,South Australia,Wheat,1997-98,1997,1.8694473409801875,train,1.7490935796758724,0.12035376130431508
aus_us_wheat,Australia,South Australia,Wheat,1998-99,1998,1.878667499006867,train,1.617052399774045,0.2616150992328221
aus_us_wheat,Australia,South Australia,Wheat,1999-00,1999,1.3975675675675676,train,1.6005931313339077,-0.20302556376634007
aus_us_wheat,Australia,South Australia,Wheat,2000-01,2000,2.106904231625835,train,1.7761812622283135,0.33072296939752155
aus_us_wheat,Australia,South Australia,Wheat,2001-02,2001,2.40536595187758,train,2.4137128428064836,-0.008346890928903505
aus_us_wheat,Australia,South Australia,Wheat,2002-03,2002,1.0589317659085102,train,1.5774486058993527,-0.5185168399908424
aus_us_wheat,Australia,South Australia,Wheat,2003-04,2003,1.781270732329676,train,1.9943392182445407,-0.21306848591486482
aus_us_wheat,Australia,South Australia,Wheat,2004-05,2004,1.3241713823767178,train,1.7739774665119477,-0.4498060841352298
aus_us_wheat,Australia,South Australia,Wheat,2005-06,2005,1.8933608531131751,train,1.7995081025328967,0.09385275058027842
aus_us_wheat,Australia,South Australia,Wheat,2006-07,2006,0.6655926352128884,train,0.9244914354114979,-0.25889880019860956
aus_us_wheat,Australia,South Australia,Wheat,2007-08,2007,1.0826103357223689,train,1.542787854730929,-0.4601775190085602
aus_us_wheat,Australia,South Australia,Wheat,2008-09,2008,1.129378772755359,train,1.5524985286909758,-0.4231197559356168
aus_us_wheat,Australia,South Australia,Wheat,2009-10,2009,1.885271390878251,train,1.9024535456610145,-0.017182154782763526
aus_us_wheat,Australia,South Australia,Wheat,2010-11,2010,2.5415278133811845,train,2.358185634744735,0.1833421786364493
aus_us_wheat,Australia,South Australia,Wheat,2011-12,2011,2.0118587004561004,train,2.14811481982718,-0.13625611937107962
aus_us_wheat,Australia,South Australia,Wheat,2012-13,2012,1.7363922597356258,train,1.8470851467238023,-0.11069288698817648
aus_us_wheat,Australia,South Australia,Wheat,2013-14,2013,2.207910838934012,train,2.1723185875810134,0.035592251352998705
aus_us_wheat,Australia,South Australia,Wheat,2014-15,2014,2.250399386995363,train,1.7345607472316473,0.5158386397637158
aus_us_wheat,Australia,South Australia,Wheat,2015-16,2015,2.07907667966322,train,2.007287552071529,0.07178912759169087
aus_us_wheat,Australia,Tasmania,Wheat,1989-90,1989,3.375,train,3.867370477622358,-0.49237047762235786
aus_us_wheat,Australia,Tasmania,Wheat,1990-91,1990,4.0,train,3.712108322943166,0.28789167705683383
aus_us_wheat,Australia,Tasmania,Wheat,1991-92,1991,2.666666666666667,train,3.575532835883367,-0.9088661692166999
aus_us_wheat,Australia,Tasmania,Wheat,1992-93,1992,3.6666666666666665,train,3.8813781991435836,-0.2147115324769171
aus_us_wheat,Australia,Tasmania,Wheat,1993-94,1993,3.3125,train,3.362425140537934,-0.049925140537934176
aus_us_wheat,Australia,Tasmania,Wheat,1994-95,1994,2.1538461538461537,train,3.1148318452550035,-0.9609856914088497
aus_us_wheat,Australia,Tasmania,Wheat,1995-96,1995,3.727272727272727,train,3.489346340791249,0.23792638648147824
aus_us_wheat,Australia,Tasmania,Wheat,1996-97,1996,3.947368421052632,train,3.8047250743147423,0.1426433467378896
aus_us_wheat,Australia,Tasmania,Wheat,1997-98,1997,4.178571428571429,train,3.6785090894359285,0.5000623391355004
aus_us_wheat,Australia,Tasmania,Wheat,1998-99,1998,4.375,train,3.6930581298793728,0.6819418701206272
aus_us_wheat,Australia,Tasmania,Wheat,1999-00,1999,3.1428571428571432,train,3.80235652401221,-0.6594993811550669
aus_us_wheat,Australia,Tasmania,Wheat,2000-01,2000,3.8787878787878793,train,4.3153540804285715,-0.43656620164069215
aus_us_wheat,Australia,Tasmania,Wheat,2001-02,2001,4.288135593220339,train,3.8582272467762895,0.4299083464440496
aus_us_wheat,Australia,Tasmania,Wheat,2002-03,2002,3.418918918918919,train,3.890930351042873,-0.47201143212395413
aus_us_wheat,Australia,Tasmania,Wheat,2003-04,2003,3.389610389610389,train,3.9679688928785795,-0.5783585032681904
aus_us_wheat,Australia,Tasmania,Wheat,2004-05,2004,4.121621621621621,train,3.8876538803817535,0.23396774123986752
aus_us_wheat,Australia,Tasmania,Wheat,2005-06,2005,4.30379746835443,train,4.577207474021678,-0.27341000566724816
aus_us_wheat,Australia,Tasmania,Wheat,2006-07,2006,2.458333333333333,train,2.9537059591420736,-0.49537262580874053
aus_us_wheat,Australia,Tasmania,Wheat,2007-08,2007,3.774647887323944,train,3.852407172479351,-0.0777592851554072
aus_us_wheat,Australia,Tasmania,Wheat,2008-09,2008,4.058139534883721,train,3.643410127034323,0.41472940784939816
aus_us_wheat,Australia,Tasmania,Wheat,2009-10,2009,3.7916666666666665,train,4.532893371884676,-0.741226705218009
aus_us_wheat,Australia,Tasmania,Wheat,2010-11,2010,3.938271604938272,train,4.027774573397501,-0.08950296845922878
aus_us_wheat,Australia,Tasmania,Wheat,2011-12,2011,4.874112135408796,train,4.343804104231989,0.5303080311768076
aus_us_wheat,Australia,Tasmania,Wheat,2012-13,2012,5.081803005008347,train,4.582687650790836,0.4991153542175111
aus_us_wheat,Australia,Tasmania,Wheat,2013-14,2013,5.318493150684931,train,4.622501347023157,0.6959918036617747
aus_us_wheat,Australia,Tasmania,Wheat,2014-15,2014,5.313115541676676,train,4.418816558421055,0.894298983255621
aus_us_wheat,Australia,Tasmania,Wheat,2015-16,2015,5.060312944523471,train,4.098795816073321,0.9615171284501498
aus_us_wheat,Australia,Victoria,Wheat,1989-90,1989,2.059645069830936,train,2.028701446556497,0.03094362327443889
aus_us_wheat,Australia,Victoria,Wheat,1990-91,1990,1.6379594075699395,train,1.6048696091760246,0.033089798393914904
aus_us_wheat,Australia,Victoria,Wheat,1991-92,1991,1.732269236560759,train,1.6294118319242006,0.10285740463655846
aus_us_wheat,Australia,Victoria,Wheat,1992-93,1992,2.453848027277155,train,2.296745239545586,0.15710278773156894
aus_us_wheat,Australia,Victoria,Wheat,1993-94,1993,2.592511860494936,train,2.109092583243178,0.48341927725175804
aus_us_wheat,Australia,Victoria,Wheat,1994-95,1994,1.1360428328060357,train,1.2817854427175883,-0.14574260991155263
aus_us_wheat,Australia,Victoria,Wheat,1995-96,1995,2.2512303726271385,train,1.8550772918215273,0.3961530808056113
aus_us_wheat,Australia,Victoria,Wheat,1996-97,1996,2.3501973820901725,train,2.0568981190341384,0.29329926305603404
aus_us_wheat,Australia,Victoria,Wheat,1997-98,1997,1.753968253968254,train,1.8189585991839607,-0.06499034521570679
aus_us_wheat,Australia,Victoria,Wheat,1998-99,1998,1.5415348935273032,train,1.678608824390567,-0.1370739308632638
aus_us_wheat,Australia,Victoria,Wheat,1999-00,1999,2.1400453588206707,train,1.9546645621647891,0.18538079665588159
aus_us_wheat,Australia,Victoria,Wheat,2000-01,2000,2.695343952389288,train,1.9125580664529556,0.7827858859363326
aus_us_wheat,Australia,Victoria,Wheat,2001-02,2001,2.4563533966913056,train,1.750075102845785,0.7062782938455205
aus_us_wheat,Australia,Victoria,Wheat,2002-03,2002,0.718540640891113,train,1.1848322734797736,-0.4662916325886606
aus_us_wheat,Australia,Victoria,Wheat,2003-04,2003,2.232117513482827,train,1.94072259848243,0.29139491500039716
aus_us_wheat,Australia,Victoria,Wheat,2004-05,2004,1.4522230595327807,train,1.7862333576767202,-0.33401029814393945
aus_us_wheat,Australia,Victoria,Wheat,2005-06,2005,2.212764338962422,train,1.9551824433816412,0.25758189558078093
aus_us_wheat,Australia,Victoria,Wheat,2006-07,2006,0.6526386105544422,train,0.8104030259733892,-0.15776441541894703
aus_us_wheat,Australia,Victoria,Wheat,2007-08,2007,1.317899603698811,train,1.653925943517811,-0.336026339819
aus_us_wheat,Australia,Victoria,Wheat,2008-09,2008,1.1448226395409495,train,1.7197352061129678,-0.5749125665720183
aus_us_wheat,Australia,Victoria,Wheat,2009-10,2009,1.6628171672866583,train,2.256038781043997,-0.5932216137573385
aus_us_wheat,Australia,Victoria,Wheat,2010-11,2010,2.4607662707043665,train,2.650488751193542,-0.18972248048917573
aus_us_wheat,Australia,Victoria,Wheat,2011-12,2011,2.362779363292267,train,2.27432496560846,0.08845439768380725
aus_us_wheat,Australia,Victoria,Wheat,2012-13,2012,2.1501461755035733,train,2.018518346051032,0.13162782945254126
aus_us_wheat,Australia,Victoria,Wheat,2013-14,2013,2.2111291832756224,train,2.5171786209962206,-0.3060494377205982
aus_us_wheat,Australia,Victoria,Wheat,2014-15,2014,1.7628303086375503,train,1.9971833127616045,-0.23435300412405424
aus_us_wheat,Australia,Victoria,Wheat,2015-16,2015,1.3528526021384826,train,2.07789271186364,-0.7250401097251573
aus_us_wheat,Australia,Western Australia,Wheat,1989-90,1989,1.380738695201933,train,1.3682926632323886,0.012446031969544302
aus_us_wheat,Australia,Western Australia,Wheat,1990-91,1990,1.5002202521887562,train,1.4753145247407309,0.024905727448025328
aus_us_wheat,Australia,Western Australia,Wheat,1991-92,1991,1.4662992662311527,train,1.3575669553230236,0.10873231090812907
aus_us_wheat,Australia,Western Australia,Wheat,1992-93,1992,1.629438857547761,train,1.6769990937916677,-0.047560236243906706
aus_us_wheat,Australia,Western Australia,Wheat,1993-94,1993,1.7363980895026476,train,1.6943921335010477,0.04200595600159995
aus_us_wheat,Australia,Western Australia,Wheat,1994-95,1994,1.4130655094457292,train,1.0806051718480698,0.33246033759765936
aus_us_wheat,Australia,Western Australia,Wheat,1995-96,1995,1.753853663549481,train,1.7406638915830879,0.013189771966393149
aus_us_wheat,Australia,Western Australia,Wheat,1996-97,1996,1.7627881886624297,train,1.6909899292498127,0.07179825941261697
aus_us_wheat,Australia,Western Australia,Wheat,1997-98,1997,1.8370234726152823,train,1.274428614769524,0.5625948578457582
aus_us_wheat,Australia,Western Australia,Wheat,1998-99,1998,1.809425730294776,train,1.756635517532124,0.052790212762652056
aus_us_wheat,Australia,Western Australia,Wheat,1999-00,1999,1.9762301918265224,train,1.8130389049679076,0.16319128685861473
aus_us_wheat,Australia,Western Australia,Wheat,2000-01,2000,1.3035894446561889,train,1.0796186409058572,0.22397080375033163
aus_us_wheat,Australia,Western Australia,Wheat,2001-02,2001,1.7839260672659143,train,1.620844612459358,0.16308145480655623
aus_us_wheat,Australia,Western Australia,Wheat,2002-03,2002,0.9078448527267424,train,1.2890674136434295,-0.38122256091668705
aus_us_wheat,Australia,Western Australia,Wheat,2003-04,2003,2.25137278828554,train,1.895043161627083,0.3563296266584568
aus_us_wheat,Australia,Western Australia,Wheat,2004-05,2004,1.683938026297794,train,1.8997884943059709,-0.21585046800817675
aus_us_wheat,Australia,Western Australia,Wheat,2005-06,2005,1.9121972773370928,train,2.0202914294630694,-0.10809415212597662
aus_us_wheat,Australia,Western Australia,Wheat,2006-07,2006,1.2718107505573446,train,1.3212935055898833,-0.04948275503253874
aus_us_wheat,Australia,Western Australia,Wheat,2007-08,2007,1.3668216617350055,train,1.5693554894305108,-0.20253382769550532
aus_us_wheat,Australia,Western Australia,Wheat,2008-09,2008,1.821704572976068,train,1.811552095767949,0.01015247720811896
aus_us_wheat,Australia,Western Australia,Wheat,2009-10,2009,1.6209073293513656,train,1.8822267239591168,-0.2613193946077512
aus_us_wheat,Australia,Western Australia,Wheat,2010-11,2010,1.0786938247655995,train,1.3580809500170998,-0.27938712525150033
aus_us_wheat,Australia,Western Australia,Wheat,2011-12,2011,2.142284524049893,train,2.0867651356506767,0.05551938839921622
aus_us_wheat,Australia,Western Australia,Wheat,2012-13,2012,1.373755935019267,train,1.6006894318980476,-0.22693349687878062
aus_us_wheat,Australia,Western Australia,Wheat,2013-14,2013,1.950567666055836,train,1.8024863676937906,0.14808129836204542
aus_us_wheat,Australia,Western Australia,Wheat,2014-15,2014,1.7515234807172655,train,2.008279314916297,-0.2567558341990315
aus_us_wheat,Australia,Western Australia,Wheat,2015-16,2015,1.8438079874586224,train,1.8066545313437015,0.037153456114920935
aus_us_wheat,United States,Colorado,Wheat,1989,1989,1.84265,train,2.0045535312395,-0.16190353123950008
aus_us_wheat,United States,Colorado,Wheat,1990,1990,2.2596000000000003,train,1.9412348716199594,0.31836512838004083
aus_us_wheat,United States,Colorado,Wheat,1991,1991,2.131825,train,1.9486227477521483,0.1832022522478518
aus_us_wheat,United States,Colorado,Wheat,1992,1992,2.078025,train,2.1356682107515197,-0.0576432107515199
aus_us_wheat,United States,Colorado,Wheat,1993,1993,2.521875,train,2.020352227769719,0.5015227722302811
aus_us_wheat,United States,Colorado,Wheat,1994,1994,2.0713000000000004,train,2.0548193120984344,0.016480687901565982
aus_us_wheat,United States,Colorado,Wheat,1995,1995,2.5824000000000003,train,2.3546220088734895,0.22777799112651076
aus_us_wheat,United States,Colorado,Wheat,1996,1996,2.239425,train,2.08054821397603,0.15887678602397015
aus_us_wheat,United States,Colorado,Wheat,1997,1997,2.2058,train,2.1755961626650926,0.03020383733490739
aus_us_wheat,United States,Colorado,Wheat,1998,1998,2.6631000000000005,train,2.1005101970059243,0.5625898029940761
aus_us_wheat,United States,Colorado,Wheat,1999,1999,2.94555,train,2.358923657430685,0.586626342569315
aus_us_wheat,United States,Colorado,Wheat,2000,2000,2.0040500000000003,train,2.136263617279581,-0.13221361727958048
aus_us_wheat,United States,Colorado,Wheat,2001,2001,2.27305,train,2.1312757585343785,0.14177424146562156
aus_us_wheat,United States,Colorado,Wheat,2002,2002,1.5333,train,2.1711482294655964,-0.6378482294655963
aus_us_wheat,United States,Colorado,Wheat,2003,2003,2.360475,train,2.2947347881332667,0.0657402118667334
aus_us_wheat,United States,Colorado,Wheat,2004,2004,1.84265,train,2.3064221954164834,-0.4637721954164835
aus_us_wheat,United States,Colorado,Wheat,2005,2005,1.6409,train,2.181270086361483,-0.5403700863614829
aus_us_wheat,United States,Colorado,Wheat,2006,2006,1.4526,train,2.2663443958925567,-0.8137443958925568
aus_us_wheat,United States,Colorado,Wheat,2007,2007,2.6362000000000005,train,2.3178474856138473,0.3183525143861532
aus_us_wheat,United States,Colorado,Wheat,2008,2008,2.1385500000000004,train,2.3402283948320393,-0.20167839483203887
aus_us_wheat,United States,Colorado,Wheat,2009,2009,2.73035,train,2.464181362559641,0.2661686374403591
aus_us_wheat,United States,Colorado,Wheat,2010,2010,2.9253750000000003,train,2.56983349814882,0.3555415018511803
aus_us_wheat,United States,Colorado,Wheat,2011,2011,2.562225,train,2.32859652608044,0.23362847391956
aus_us_wheat,United States,Colorado,Wheat,2012,2012,2.104925,train,2.3294967934617534,-0.22457179346175327
aus_us_wheat,United States,Colorado,Wheat,2013,2013,1.7014250000000002,train,2.4276447905485345,-0.7262197905485344
aus_us_wheat,United States,Colorado,Wheat,2014,2014,2.562225,train,2.5946390144340845,-0.032414014434084315
aus_us_wheat,United States,Colorado,Wheat,2015,2015,2.494975,train,2.7783630222187923,-0.2833880222187921
aus_us_wheat,United States,Illinois,Wheat,1989,1989,3.96775,train,3.482981999665344,0.48476800033465617
aus_us_wheat,United States,Illinois,Wheat,1990,1990,3.228,train,3.198388567128204,0.02961143287179624
aus_us_wheat,United States,Illinois,Wheat,1991,1991,2.152,train,3.361670943990423,-1.2096709439904227
aus_us_wheat,United States,Illinois,Wheat,1992,1992,3.6315,train,3.5700339759065827,0.06146602409341728
aus_us_wheat,United States,Illinois,Wheat,1993,1993,2.959,train,3.3987625314570864,-0.4397625314570863
aus_us_wheat,United States,Illinois,Wheat,1994,1994,3.766,train,3.696985171504862,0.06901482849513796
aus_us_wheat,United States,Illinois,Wheat,1995,1995,3.29525,train,3.6906254396636085,-0.39537543966360866
aus_us_wheat,United States,Illinois,Wheat,1996,1996,2.5555000000000003,train,3.759351423254941,-1.2038514232549407
aus_us_wheat,United States,Illinois,Wheat,1997,1997,4.102250000000001,train,3.7245199141014482,0.3777300858985524
aus_us_wheat,United States,Illinois,Wheat,1998,1998,3.228,train,3.4288218022418433,-0.2008218022418431
aus_us_wheat,United States,Illinois,Wheat,1999,1999,4.035,train,3.7101856409381284,0.3248143590618717
aus_us_wheat,United States,Illinois,Wheat,2000,2000,3.83325,train,3.7660602685004507,0.06718973149954932
aus_us_wheat,United States,Illinois,Wheat,2001,2001,4.102250000000001,train,3.8646498710552795,0.23760012894472116
aus_us_wheat,United States,Illinois,Wheat,2002,2002,3.29525,train,3.70411637806155,-0.40886637806155024
aus_us_wheat,United States,Illinois,Wheat,2003,2003,4.37125,train,3.9341974979344343,0.43705250206556556
aus_us_wheat,United States,Illinois,Wheat,2004,2004,3.96775,train,3.758874880245087,0.20887511975491302
aus_us_wheat,United States,Illinois,Wheat,2005,2005,4.102250000000001,train,3.6364912738668407,0.46575872613315994
aus_us_wheat,United States,Illinois,Wheat,2006,2006,4.50575,train,3.8200755934302157,0.6856744065697842
aus_us_wheat,United States,Illinois,Wheat,2007,2007,3.69875,train,3.8230398136354324,-0.12428981363543246
aus_us_wheat,United States,Illinois,Wheat,2008,2008,4.304,train,3.999916809313473,0.30408319068652734
aus_us_wheat,United States,Illinois,Wheat,2009,2009,3.766,train,3.7554398791394803,0.010560120860519717
aus_us_wheat,United States,Illinois,Wheat,2010,2010,3.83325,train,3.7571541156283845,0.07609588437161552
aus_us_wheat,United States,Illinois,Wheat,2011,2011,4.102250000000001,train,4.080788019369352,0.021461980630648192
aus_us_wheat,United States,Illinois,Wheat,2012,2012,4.304,train,3.9680740372087584,0.33592596279124187
aus_us_wheat,United States,Illinois,Wheat,2013,2013,4.50575,train,4.003126448743045,0.5026235512569546
aus_us_wheat,United States,Illinois,Wheat,2014,2014,4.50575,train,4.071970239617287,0.4337797603827127
aus_us_wheat,United States,Illinois,Wheat,2015,2015,4.37125,train,4.096205602821355,0.27504439717864493
aus_us_wheat,United States,Iowa,Wheat,1989,1989,3.16075,train,2.7892295373829454,0.37152046261705474
aus_us_wheat,United States,Iowa,Wheat,1990,1990,3.02625,train,2.796132244403064,0.23011775559693604
aus_us_wheat,United States,Iowa,Wheat,1991,1991,2.2865,train,2.5702769973451565,-0.28377699734515627
aus_us_wheat,United States,Iowa,Wheat,1992,1992,2.6227500000000004,train,2.8409803306200216,-0.21823033062002128
aus_us_wheat,United States,Iowa,Wheat,1993,1993,1.68125,train,2.459656122345564,-0.7784061223455643
aus_us_wheat,United States,Iowa,Wheat,1994,1994,3.16075,train,3.098925627181611,0.06182437281838915
aus_us_wheat,United States,Iowa,Wheat,1995,1995,2.35375,train,3.083005320186095,-0.7292553201860952
aus_us_wheat,United States,Iowa,Wheat,1996,1996,2.35375,train,2.8864986368423975,-0.5327486368423977
aus_us_wheat,United States,Iowa,Wheat,1997,1997,2.8245,train,3.065101671094179,-0.24060167109417918
aus_us_wheat,United States,Iowa,Wheat,1998,1998,2.959,train,2.8318287530270294,0.12717124697297066
aus_us_wheat,United States,Iowa,Wheat,1999,1999,2.89175,train,3.2170716326358053,-0.32532163263580527
aus_us_wheat,United States,Iowa,Wheat,2000,2000,3.16075,train,3.0360276754342985,0.12472232456570165
aus_us_wheat,United States,Iowa,Wheat,2001,2001,3.6315,train,3.373775623571695,0.25772437642830504
aus_us_wheat,United States,Iowa,Wheat,2002,2002,3.5642500000000004,train,3.1403861495661385,0.4238638504338619
aus_us_wheat,United States,Iowa,Wheat,2003,2003,4.102250000000001,train,3.2513555537857153,0.8508944462142853
aus_us_wheat,United States,Iowa,Wheat,2004,2004,3.69875,train,3.3203280364578784,0.37842196354212154
aus_us_wheat,United States,Iowa,Wheat,2005,2005,3.3625000000000003,train,3.1503806171276763,0.212119382872324
aus_us_wheat,United States,Iowa,Wheat,2006,2006,4.4385,train,3.129611640538611,1.3088883594613892
aus_us_wheat,United States,Iowa,Wheat,2007,2007,3.228,train,3.337672651114907,-0.10967265111490665
aus_us_wheat,United States,Iowa,Wheat,2008,2008,3.228,train,3.048966726505144,0.1790332734948561
aus_us_wheat,United States,Iowa,Wheat,2009,2009,3.02625,train,3.3512707848551226,-0.32502078485512254
aus_us_wheat,United States,Iowa,Wheat,2010,2010,3.0935,train,2.920200299864559,0.17329970013544127
aus_us_wheat,United States,Iowa,Wheat,2011,2011,3.02625,train,3.344048328655993,-0.3177983286559929
aus_us_wheat,United States,Iowa,Wheat,2012,2012,3.3625000000000003,train,3.3042805951754213,0.05821940482457899
aus_us_wheat,United States,Iowa,Wheat,2013,2013,3.4970000000000003,train,3.5575914147682606,-0.06059141476826024
aus_us_wheat,United States,Iowa,Wheat,2014,2014,3.29525,train,3.4901403663266777,-0.1948903663266779
aus_us_wheat,United States,Iowa,Wheat,2015,2015,3.4970000000000003,train,3.3823631174766975,0.11463688252330284
aus_us_wheat,United States,Kansas,Wheat,1989,1989,1.614,train,2.3431317254747563,-0.7291317254747562
aus_us_wheat,United States,Kansas,Wheat,1990,1990,2.6900000000000004,train,2.265788673536873,0.4242113264631273
aus_us_wheat,United States,Kansas,Wheat,1991,1991,2.21925,train,2.1685926335639754,0.05065736643602481
aus_us_wheat,United States,Kansas,Wheat,1992,1992,2.2865,train,2.309736284959321,-0.02323628495932084
aus_us_wheat,United States,Kansas,Wheat,1993,1993,2.35375,train,2.355576597378971,-0.0018265973789710621
aus_us_wheat,United States,Kansas,Wheat,1994,1994,2.5555000000000003,train,2.3808964017630707,0.1746035982369296
aus_us_wheat,United States,Kansas,Wheat,1995,1995,1.7485000000000002,train,2.271193308182159,-0.522693308182159
aus_us_wheat,United States,Kansas,Wheat,1996,1996,1.95025,train,2.1543271221181057,-0.2040771221181057
aus_us_wheat,United States,Kansas,Wheat,1997,1997,3.0935,train,2.3155048384960786,0.7779951615039216
aus_us_wheat,United States,Kansas,Wheat,1998,1998,3.29525,train,2.416498273865336,0.8787517261346638
aus_us_wheat,United States,Kansas,Wheat,1999,1999,3.16075,train,2.7239972100645566,0.43675278993544353
aus_us_wheat,United States,Kansas,Wheat,2000,2000,2.4882500000000003,train,2.4830275965695483,0.005222403430451994
aus_us_wheat,United States,Kansas,Wheat,2001,2001,2.6900000000000004,train,2.468496222669914,0.2215037773300863
aus_us_wheat,United States,Kansas,Wheat,2002,2002,2.21925,train,2.3671206659892534,-0.14787066598925325
aus_us_wheat,United States,Kansas,Wheat,2003,2003,3.228,train,2.698696992444049,0.529303007555951
aus_us_wheat,United States,Kansas,Wheat,2004,2004,2.4882500000000003,train,2.7919558696329454,-0.3037058696329451
aus_us_wheat,United States,Kansas,Wheat,2005,2005,2.6900000000000004,train,2.6083261956913444,0.081673804308656
aus_us_wheat,United States,Kansas,Wheat,2006,2006,2.152,train,2.5343376428651063,-0.3823376428651062
aus_us_wheat,United States,Kansas,Wheat,2007,2007,2.21925,train,2.528186158327793,-0.30893615832779275
aus_us_wheat,United States,Kansas,Wheat,2008,2008,2.6900000000000004,train,2.6441997688621157,0.04580023113788467
aus_us_wheat,United States,Kansas,Wheat,2009,2009,2.8245,train,2.6462638816900483,0.17823611830995167
aus_us_wheat,United States,Kansas,Wheat,2010,2010,3.02625,train,2.6019391780115315,0.4243108219884686
aus_us_wheat,United States,Kansas,Wheat,2011,2011,2.35375,train,2.630812883704675,-0.27706288370467513
aus_us_wheat,United States,Kansas,Wheat,2012,2012,2.8245,train,2.7213450930600196,0.10315490693998042
aus_us_wheat,United States,Kansas,Wheat,2013,2013,2.5555000000000003,train,2.7140845469895707,-0.15858454698957036
aus_us_wheat,United States,Kansas,Wheat,2014,2014,1.883,train,2.8943203927755925,-1.0113203927755925
aus_us_wheat,United States,Kansas,Wheat,2015,2015,2.4882500000000003,train,2.8103035949443917,-0.32205359494439145
aus_us_wheat,United States,Minnesota,Wheat,1989,1989,2.5555000000000003,train,2.61481002218333,-0.059310022183329814
aus_us_wheat,United States,Minnesota,Wheat,1990,1990,3.2549,train,2.7770898377077957,0.4778101622922044
aus_us_wheat,United States,Minnesota,Wheat,1991,1991,2.0914750000000004,train,2.7009162972007035,-0.6094412972007031
aus_us_wheat,United States,Minnesota,Wheat,1992,1992,3.355775,train,2.8147956791574793,0.5409793208425207
aus_us_wheat,United States,Minnesota,Wheat,1993,1993,2.08475,train,2.624507019411534,-0.539757019411534
aus_us_wheat,United States,Minnesota,Wheat,1994,1994,1.883,train,2.8182299637949955,-0.9352299637949955
aus_us_wheat,United States,Minnesota,Wheat,1995,1995,2.152,train,2.628567859855991,-0.47656785985599104
aus_us_wheat,United States,Minnesota,Wheat,1996,1996,2.817775,train,3.0707307284572956,-0.2529557284572954
aus_us_wheat,United States,Minnesota,Wheat,1997,1997,2.152,train,2.90747524515843,-0.7554752451584297
aus_us_wheat,United States,Minnesota,Wheat,1998,1998,2.73035,train,3.069261238882634,-0.3389112388826341
aus_us_wheat,United States,Minnesota,Wheat,1999,1999,2.67655,train,2.8519600209978386,-0.17541002099783842
aus_us_wheat,United States,Minnesota,Wheat,2000,2000,3.29525,train,3.175751632670036,0.11949836732996388
aus_us_wheat,United States,Minnesota,Wheat,2001,2001,2.952275,train,3.1472809214136532,-0.19500592141365303
aus_us_wheat,United States,Minnesota,Wheat,2002,2002,2.2865,train,2.7929887855943853,-0.5064887855943851
aus_us_wheat,United States,Minnesota,Wheat,2003,2003,3.88705,train,3.330702480164428,0.5563475198355721
aus_us_wheat,United States,Minnesota,Wheat,2004,2004,3.6853,train,3.152894397386479,0.5324056026135207
aus_us_wheat,United States,Minnesota,Wheat,2005,2005,2.75725,train,3.058218101829847,-0.3009681018298469
aus_us_wheat,United States,Minnesota,Wheat,2006,2006,3.18765,train,3.2274293538146948,-0.03977935381469466
aus_us_wheat,United States,Minnesota,Wheat,2007,2007,3.221275,train,3.3030092897465986,-0.08173428974659869
aus_us_wheat,United States,Minnesota,Wheat,2008,2008,3.759275,train,3.230808277995032,0.5284667220049681
aus_us_wheat,United States,Minnesota,Wheat,2009,2009,3.5508,train,3.416338331194316,0.1344616688056841
aus_us_wheat,United States,Minnesota,Wheat,2010,2010,3.678575,train,3.2713336500849226,0.4072413499150773
aus_us_wheat,United States,Minnesota,Wheat,2011,2011,3.1002250000000005,train,3.335614109585176,-0.23538910958517567
aus_us_wheat,United States,Minnesota,Wheat,2012,2012,3.83325,train,3.0977817826593794,0.7354682173406206
aus_us_wheat,United States,Minnesota,Wheat,2013,2013,3.813075,train,3.386398209738786,0.42667679026121386
aus_us_wheat,United States,Minnesota,Wheat,2014,2014,3.6853,train,3.3597646806778805,0.3255353193221193
aus_us_wheat,United States,Minnesota,Wheat,2015,2015,4.028275,train,3.369127973475532,0.6591470265244679
aus_us_wheat,United States,Montana,Wheat,1989,1989,1.862825,train,1.9203132100038676,-0.05748821000386761
aus_us_wheat,United States,Montana,Wheat,1990,1990,1.8897250000000003,train,1.9499083789840126,-0.06018337898401227
aus_us_wheat,United States,Montana,Wheat,1991,1991,2.454625,train,2.1485803359414737,0.30604466405852637
aus_us_wheat,United States,Montana,Wheat,1992,1992,2.0242250000000004,train,1.8272749838298323,0.19695001617016805
aus_us_wheat,United States,Montana,Wheat,1993,1993,2.6362000000000005,train,1.7645969470016394,0.8716030529983612
aus_us_wheat,United States,Montana,Wheat,1994,1994,2.131825,train,2.0078292492000496,0.12399575079995051
aus_us_wheat,United States,Montana,Wheat,1995,1995,2.4210000000000003,train,2.0391081549767955,0.3818918450232047
aus_us_wheat,United States,Montana,Wheat,1996,1996,1.849375,train,2.3265883115847004,-0.4772133115847004
aus_us_wheat,United States,Montana,Wheat,1997,1997,2.0914750000000004,train,2.0409609526023336,0.05051404739766685
aus_us_wheat,United States,Montana,Wheat,1998,1998,2.152,train,2.1144359733230544,0.037564026676945694
aus_us_wheat,United States,Montana,Wheat,1999,1999,1.95025,train,2.1347372664915745,-0.18448726649157443
aus_us_wheat,United States,Montana,Wheat,2000,2000,1.849375,train,2.1812356898699057,-0.3318606898699057
aus_us_wheat,United States,Montana,Wheat,2001,2001,1.540025,train,1.97262843668779,-0.43260343668779
aus_us_wheat,United States,Montana,Wheat,2002,2002,1.5534750000000002,train,1.7645793906425482,-0.21110439064254805
aus_us_wheat,United States,Montana,Wheat,2003,2003,1.84265,train,2.0353792961431987,-0.19272929614319878
aus_us_wheat,United States,Montana,Wheat,2004,2004,2.320125,train,2.32742130995749,-0.007296309957490088
aus_us_wheat,United States,Montana,Wheat,2005,2005,2.4748,train,2.3462646805710183,0.12853531942898178
aus_us_wheat,United States,Montana,Wheat,2006,2006,1.97715,train,2.0566176364218594,-0.07946763642185939
aus_us_wheat,United States,Montana,Wheat,2007,2007,1.9906,train,2.230124793794445,-0.2395247937944449
aus_us_wheat,United States,Montana,Wheat,2008,2008,2.0242250000000004,train,2.165863172021943,-0.1416381720219424
aus_us_wheat,United States,Montana,Wheat,2009,2009,2.239425,train,2.3285285844494013,-0.08910358444940103
aus_us_wheat,United States,Montana,Wheat,2010,2010,2.8043250000000004,train,2.6168790974744685,0.18744590252553195
aus_us_wheat,United States,Montana,Wheat,2011,2011,2.3672000000000004,train,2.43313520535842,-0.06593520535841968
aus_us_wheat,United States,Montana,Wheat,2012,2012,2.3403,train,2.3798793402123892,-0.03957934021238918
aus_us_wheat,United States,Montana,Wheat,2013,2013,2.6227500000000004,train,2.345032329924304,0.27771767007569625
aus_us_wheat,United States,Montana,Wheat,2014,2014,2.494975,train,2.7005385830676616,-0.20556358306766143
aus_us_wheat,United States,Montana,Wheat,2015,2015,2.360475,train,2.5182736452699404,-0.15779864526994025
aus_us_wheat,United States,Nebraska,Wheat,1989,1989,1.81575,train,2.3226163202163193,-0.5068663202163193
aus_us_wheat,United States,Nebraska,Wheat,1990,1990,2.5555000000000003,train,2.253988022821029,0.30151197717897116
aus_us_wheat,United States,Nebraska,Wheat,1991,1991,2.152,train,2.1315021191846237,0.0204978808153764
aus_us_wheat,United States,Nebraska,Wheat,1992,1992,2.0175,train,2.3054137979132934,-0.2879137979132933
aus_us_wheat,United States,Nebraska,Wheat,1993,1993,2.35375,train,2.2227470597017143,0.13100294029828552
aus_us_wheat,United States,Nebraska,Wheat,1994,1994,2.2865,train,2.453104061014981,-0.1666040610149806
aus_us_wheat,United States,Nebraska,Wheat,1995,1995,2.75725,train,2.481690253981095,0.27555974601890476
aus_us_wheat,United States,Nebraska,Wheat,1996,1996,2.35375,train,2.5927294790477644,-0.23897947904776462
aus_us_wheat,United States,Nebraska,Wheat,1997,1997,2.4882500000000003,train,2.4359650183752377,0.05228498162476258
aus_us_wheat,United States,Nebraska,Wheat,1998,1998,3.0935,train,2.5342796397191183,0.5592203602808818
aus_us_wheat,United States,Nebraska,Wheat,1999,1999,3.228,train,2.6706703384558566,0.5573296615441437
aus_us_wheat,United States,Nebraska,Wheat,2000,2000,2.4210000000000003,train,2.2526618292726424,0.1683381707273579
aus_us_wheat,United States,Nebraska,Wheat,2001,2001,2.4882500000000003,train,2.534951961859959,-0.046701961859958896
aus_us_wheat,United States,Nebraska,Wheat,2002,2002,2.21925,train,2.5112620854289447,-0.2920120854289445
aus_us_wheat,United States,Nebraska,Wheat,2003,2003,3.0935,train,3.0747261903454906,0.018773809654509588
aus_us_wheat,United States,Nebraska,Wheat,2004,2004,2.4882500000000003,train,2.7647488007529457,-0.2764988007529454
aus_us_wheat,United States,Nebraska,Wheat,2005,2005,2.6227500000000004,train,2.574375878964149,0.04837412103585148
aus_us_wheat,United States,Nebraska,Wheat,2006,2006,2.4210000000000003,train,2.3575136843068196,0.06348631569318064
aus_us_wheat,United States,Nebraska,Wheat,2007,2007,2.89175,train,2.8016593844563467,0.09009061554365339
aus_us_wheat,United States,Nebraska,Wheat,2008,2008,2.959,train,3.0832373910951874,-0.12423739109518728
aus_us_wheat,United States,Nebraska,Wheat,2009,2009,3.228,train,2.9067707176673077,0.32122928233269255
aus_us_wheat,United States,Nebraska,Wheat,2010,2010,2.89175,train,3.0734292418201004,-0.1816792418201003
aus_us_wheat,United States,Nebraska,Wheat,2011,2011,3.02625,train,2.89450577819675,0.1317442218032503
aus_us_wheat,United States,Nebraska,Wheat,2012,2012,2.75725,train,2.7947138089122694,-0.037463808912269414
aus_us_wheat,United States,Nebraska,Wheat,2013,2013,2.35375,train,2.784124326361812,-0.4303743263618123
aus_us_wheat,United States,Nebraska,Wheat,2014,2014,3.29525,train,3.0746202915266263,0.2206297084733735
aus_us_wheat,United States,Nebraska,Wheat,2015,2015,2.5555000000000003,train,3.088951903146791,-0.5334519031467906
aus_us_wheat,United States,North Dakota,Wheat,1989,1989,1.580375,train,1.7978068675987395,-0.21743186759873945
aus_us_wheat,United States,North Dakota,Wheat,1990,1990,2.373925,train,2.018217083006478,0.3557079169935218
aus_us_wheat,United States,North Dakota,Wheat,1991,1991,2.08475,train,1.8704332949752576,0.21431670502474254
aus_us_wheat,United States,North Dakota,Wheat,1992,1992,2.7639750000000003,train,2.1309418307900097,0.6330331692099906
aus_us_wheat,United States,North Dakota,Wheat,1993,1993,2.08475,train,1.9916600195854088,0.09308998041459127
aus_us_wheat,United States,North Dakota,Wheat,1994,1994,2.131825,train,2.3569013880600616,-0.22507638806006147
aus_us_wheat,United States,North Dakota,Wheat,1995,1995,1.81575,train,2.190708719159686,-0.3749587191596859
aus_us_wheat,United States,North Dakota,Wheat,1996,1996,2.1251,train,2.196493938696092,-0.07139393869609201
aus_us_wheat,United States,North Dakota,Wheat,1997,1997,1.6341750000000002,train,2.202537326449705,-0.5683623264497049
aus_us_wheat,United States,North Dakota,Wheat,1998,1998,2.152,train,2.299713719748885,-0.14771371974888492
aus_us_wheat,United States,North Dakota,Wheat,1999,1999,1.883,train,2.2143829151616563,-0.3313829151616563
aus_us_wheat,United States,North Dakota,Wheat,2000,2000,2.266325,train,2.527446099644699,-0.2611210996446989
aus_us_wheat,United States,North Dakota,Wheat,2001,2001,2.1654500000000003,train,2.5147810484198616,-0.3493310484198613
aus_us_wheat,United States,North Dakota,Wheat,2002,2002,1.8359250000000005,train,2.1171145631069246,-0.2811895631069241
aus_us_wheat,United States,North Dakota,Wheat,2003,2003,2.508425,train,2.384617928247274,0.12380707175272576
aus_us_wheat,United States,North Dakota,Wheat,2004,2004,2.6496500000000003,train,2.34336911086718,0.30628088913282037
aus_us_wheat,United States,North Dakota,Wheat,2005,2005,2.306675,train,2.315840313353846,-0.009165313353846294
aus_us_wheat,United States,North Dakota,Wheat,2006,2006,2.037675,train,2.2552903992327535,-0.21761539923275341
aus_us_wheat,United States,North Dakota,Wheat,2007,2007,2.3941000000000003,train,2.3688887606909272,0.025211239309073097
aus_us_wheat,United States,North Dakota,Wheat,2008,2008,2.40755,train,2.464457785222371,-0.056907785222370944
aus_us_wheat,United States,North Dakota,Wheat,2009,2009,3.0128,train,2.4115062010323562,0.6012937989676437
aus_us_wheat,United States,North Dakota,Wheat,2010,2010,2.89175,train,2.7907288636275402,0.1010211363724598
aus_us_wheat,United States,North Dakota,Wheat,2011,2011,2.037675,train,2.582272225091492,-0.5445972250914917
aus_us_wheat,United States,North Dakota,Wheat,2012,2012,2.94555,train,2.84381070504387,0.10173929495612999
aus_us_wheat,United States,North Dakota,Wheat,2013,2013,3.05315,train,2.6640378175561135,0.38911218244388657
aus_us_wheat,United States,North Dakota,Wheat,2014,2014,3.113675,train,2.7316757692158418,0.38199923078415843
aus_us_wheat,United States,North Dakota,Wheat,2015,2015,3.140575000000001,train,2.9619180208025697,0.1786569791974313
aus_us_wheat,United States,Oklahoma,Wheat,1989,1989,1.81575,train,1.502590448008239,0.31315955199176093
aus_us_wheat,United States,Oklahoma,Wheat,1990,1990,2.152,train,2.002533755578873,0.14946624442112721
aus_us_wheat,United States,Oklahoma,Wheat,1991,1991,1.81575,train,1.4622641706657848,0.35348582933421513
aus_us_wheat,United States,Oklahoma,Wheat,1992,1992,1.916625,train,1.9443715324927264,-0.027746532492726406
aus_us_wheat,United States,Oklahoma,Wheat,1993,1993,1.95025,train,1.7879924581243216,0.16225754187567842
aus_us_wheat,United States,Oklahoma,Wheat,1994,1994,1.81575,train,1.927024606559351,-0.11127460655935106
aus_us_wheat,United States,Oklahoma,Wheat,1995,1995,1.41225,train,1.73990894808491,-0.3276589480849099
aus_us_wheat,United States,Oklahoma,Wheat,1996,1996,1.2777500000000002,train,1.602549276404644,-0.3247992764046439
aus_us_wheat,United States,Oklahoma,Wheat,1997,1997,2.152,train,2.1634022686693477,-0.01140226866934757
aus_us_wheat,United States,Oklahoma,Wheat,1998,1998,2.6227500000000004,train,1.972168932316133,0.6505810676838673
aus_us_wheat,United States,Oklahoma,Wheat,1999,1999,2.35375,train,2.133042572515808,0.2207074274841916
aus_us_wheat,United States,Oklahoma,Wheat,2000,2000,2.2865,train,2.4492022958249278,-0.16270229582492757
aus_us_wheat,United States,Oklahoma,Wheat,2001,2001,2.21925,train,1.9974457635778216,0.2218042364221786
aus_us_wheat,United States,Oklahoma,Wheat,2002,2002,1.883,train,1.928305601422474,-0.04530560142247397
aus_us_wheat,United States,Oklahoma,Wheat,2003,2003,2.6227500000000004,train,2.288311855257048,0.3344381447429523
aus_us_wheat,United States,Oklahoma,Wheat,2004,2004,2.35375,train,2.1008500783637327,0.25289992163626707
aus_us_wheat,United States,Oklahoma,Wheat,2005,2005,2.152,train,1.981503151650537,0.1704968483494631
aus_us_wheat,United States,Oklahoma,Wheat,2006,2006,1.614,train,2.0573197874123643,-0.4433197874123642
aus_us_wheat,United States,Oklahoma,Wheat,2007,2007,1.883,train,1.7804579399052045,0.1025420600947955
aus_us_wheat,United States,Oklahoma,Wheat,2008,2008,2.4882500000000003,train,2.1951061272642014,0.2931438727357989
aus_us_wheat,United States,Oklahoma,Wheat,2009,2009,1.4795,train,2.1838025253720756,-0.7043025253720756
aus_us_wheat,United States,Oklahoma,Wheat,2010,2010,2.08475,train,2.2428418676634863,-0.15809186766348615
aus_us_wheat,United States,Oklahoma,Wheat,2011,2011,1.54675,train,1.8488856121598451,-0.3021356121598451
aus_us_wheat,United States,Oklahoma,Wheat,2012,2012,2.4210000000000003,train,2.269793628483023,0.15120637151697736
aus_us_wheat,United States,Oklahoma,Wheat,2013,2013,2.08475,train,2.2762289242624165,-0.19147892426241642
aus_us_wheat,United States,Oklahoma,Wheat,2014,2014,1.14325,train,2.230718814343381,-1.087468814343381
aus_us_wheat,United States,Oklahoma,Wheat,2015,2015,1.7485000000000002,train,2.118539159451403,-0.37003915945140275
aus_us_wheat,United States,South Dakota,Wheat,1989,1989,1.5871000000000002,train,1.989748958008504,-0.40264895800850375
aus_us_wheat,United States,South Dakota,Wheat,1990,1990,2.27305,train,2.27689090897489,-0.0038409089748898673
aus_us_wheat,United States,South Dakota,Wheat,1991,1991,2.078025,train,2.108476620542037,-0.030451620542037094
aus_us_wheat,United States,South Dakota,Wheat,1992,1992,2.152,train,2.1090315777324764,0.04296842226752373
aus_us_wheat,United States,South Dakota,Wheat,1993,1993,2.152,train,2.5096539912150364,-0.35765399121503627
aus_us_wheat,United States,South Dakota,Wheat,1994,1994,1.9099,train,2.431554704823791,-0.5216547048237912
aus_us_wheat,United States,South Dakota,Wheat,1995,1995,2.21925,train,2.327151797586513,-0.10790179758651286
aus_us_wheat,United States,South Dakota,Wheat,1996,1996,2.427725,train,2.626636922092123,-0.19891192209212294
aus_us_wheat,United States,South Dakota,Wheat,1997,1997,1.930075,train,2.3414679934777114,-0.4113929934777114
aus_us_wheat,United States,South Dakota,Wheat,1998,1998,2.468075,train,2.6718743083380594,-0.2037993083380596
aus_us_wheat,United States,South Dakota,Wheat,1999,1999,2.683275,train,2.450556770829304,0.23271822917069596
aus_us_wheat,United States,South Dakota,Wheat,2000,2000,2.6698250000000003,train,2.6566342061792225,0.013190793820777813
aus_us_wheat,United States,South Dakota,Wheat,2001,2001,2.5286000000000004,train,2.681424824961473,-0.15282482496147276
aus_us_wheat,United States,South Dakota,Wheat,2002,2002,1.7754,train,2.376351081862711,-0.6009510818627108
aus_us_wheat,United States,South Dakota,Wheat,2003,2003,2.844675,train,2.7697998217685793,0.07487517823142076
aus_us_wheat,United States,South Dakota,Wheat,2004,2004,3.0935,train,2.659593018327293,0.433906981672707
aus_us_wheat,United States,South Dakota,Wheat,2005,2005,2.81105,train,2.572773416014215,0.238276583985785
aus_us_wheat,United States,South Dakota,Wheat,2006,2006,2.19235,train,2.4574611450442636,-0.2651111450442638
aus_us_wheat,United States,South Dakota,Wheat,2007,2007,2.8984750000000004,train,2.6681486148659226,0.23032638513407777
aus_us_wheat,United States,South Dakota,Wheat,2008,2008,3.396125,train,2.8619972179459197,0.5341277820540804
aus_us_wheat,United States,South Dakota,Wheat,2009,2009,2.8514,train,2.844791048392235,0.006608951607764979
aus_us_wheat,United States,South Dakota,Wheat,2010,2010,3.046425,train,2.6582694381342447,0.3881555618657555
aus_us_wheat,United States,South Dakota,Wheat,2011,2011,2.508425,train,2.8066557526257023,-0.2982307526257024
aus_us_wheat,United States,South Dakota,Wheat,2012,2012,3.0867750000000003,train,2.876631708734678,0.21014329126532205
aus_us_wheat,United States,South Dakota,Wheat,2013,2013,2.83795,train,2.7460599039164304,0.0918900960835698
aus_us_wheat,United States,South Dakota,Wheat,2014,2014,3.732375,train,2.998394178651311,0.7339808213486894
aus_us_wheat,United States,South Dakota,Wheat,2015,2015,3.1069500000000003,train,2.9421242036072592,0.1648257963927411
aus_us_wheat,United States,Texas,Wheat,1989,1989,1.3450000000000002,train,1.5871306771597657,-0.24213067715976555
aus_us_wheat,United States,Texas,Wheat,1990,1990,2.08475,train,1.6107481077817896,0.47400189221821054
aus_us_wheat,United States,Texas,Wheat,1991,1991,2.0175,train,1.7520425433268607,0.26545745667313936
aus_us_wheat,United States,Texas,Wheat,1992,1992,2.2865,train,2.2710394057008916,0.015460594299108621
aus_us_wheat,United States,Texas,Wheat,1993,1993,2.152,train,2.035541193466812,0.11645880653318796
aus_us_wheat,United States,Texas,Wheat,1994,1994,1.7485000000000002,train,1.9970852151856178,-0.2485852151856176
aus_us_wheat,United States,Texas,Wheat,1995,1995,1.81575,train,1.9009079499521082,-0.08515794995210824
aus_us_wheat,United States,Texas,Wheat,1996,1996,1.7485000000000002,train,1.5293873045621251,0.21911269543787504
aus_us_wheat,United States,Texas,Wheat,1997,1997,1.95025,train,2.112020888437534,-0.16177088843753396
aus_us_wheat,United States,Texas,Wheat,1998,1998,2.35375,train,1.6537358336799826,0.7000141663200172
aus_us_wheat,United States,Texas,Wheat,1999,1999,2.4210000000000003,train,2.0290431703480234,0.39195682965197687
aus_us_wheat,United States,Texas,Wheat,2000,2000,2.0175,train,1.9025859763429778,0.1149140236570223
aus_us_wheat,United States,Texas,Wheat,2001,2001,2.2865,train,2.0699165014758645,0.21658349852413572
aus_us_wheat,United States,Texas,Wheat,2002,2002,1.95025,train,1.8479461783987559,0.10230382160124418
aus_us_wheat,United States,Texas,Wheat,2003,2003,1.883,train,2.154053214232934,-0.2710532142329338
aus_us_wheat,United States,Texas,Wheat,2004,2004,2.08475,train,2.075743606860854,0.009006393139145974
aus_us_wheat,United States,Texas,Wheat,2005,2005,2.152,train,1.7818371594832318,0.3701628405167683
aus_us_wheat,United States,Texas,Wheat,2006,2006,1.614,train,2.0303526071694638,-0.41635260716946365
aus_us_wheat,United States,Texas,Wheat,2007,2007,2.4882500000000003,train,2.2381892523573943,0.250060747642606
aus_us_wheat,United States,Texas,Wheat,2008,2008,2.0175,train,2.03264252083021,-0.01514252083021006
aus_us_wheat,United States,Texas,Wheat,2009,2009,1.68125,train,2.001547531398839,-0.3202975313988392
aus_us_wheat,United States,Texas,Wheat,2010,2010,2.21925,train,2.1720126098299284,0.04723739017007178
aus_us_wheat,United States,Texas,Wheat,2011,2011,1.68125,train,1.8597143483222744,-0.17846434832227454
aus_us_wheat,United States,Texas,Wheat,2012,2012,2.21925,train,2.2106666177571963,0.00858338224280386
aus_us_wheat,United States,Texas,Wheat,2013,2013,1.95025,train,2.4021879015292322,-0.4519379015292322
aus_us_wheat,United States,Texas,Wheat,2014,2014,2.0175,train,2.341986632892735,-0.32448663289273494
aus_us_wheat,United States,Texas,Wheat,2015,2015,2.0175,train,2.4979442825030422,-0.48044428250304216
aus_us_wheat,United States,Washington,Wheat,1989,1989,3.275075,train,3.4406985917492348,-0.16562359174923458
aus_us_wheat,United States,Washington,Wheat,1990,1990,4.068625,train,3.6497088855441224,0.4189161144558775
aus_us_wheat,United States,Washington,Wheat,1991,1991,3.0867750000000003,train,3.678172471340412,-0.5913974713404118
aus_us_wheat,United States,Washington,Wheat,1992,1992,3.32215,train,3.3309456061959475,-0.008795606195947325
aus_us_wheat,United States,Washington,Wheat,1993,1993,4.277100000000001,train,3.72834865414427,0.5487513458557309
aus_us_wheat,United States,Washington,Wheat,1994,1994,3.5440750000000003,train,3.4972858921738355,0.046789107826164855
aus_us_wheat,United States,Washington,Wheat,1995,1995,3.987925,train,3.7805645750219155,0.2073604249780847
aus_us_wheat,United States,Washington,Wheat,1996,1996,4.472125,train,3.9182970306150793,0.5538279693849208
aus_us_wheat,United States,Washington,Wheat,1997,1997,4.304,train,3.819148001956703,0.48485199804329726
aus_us_wheat,United States,Washington,Wheat,1998,1998,4.12915,train,4.0821856040045805,0.04696439599541957
aus_us_wheat,United States,Washington,Wheat,1999,1999,3.6449500000000006,train,3.921974323928376,-0.2770243239283756
aus_us_wheat,United States,Washington,Wheat,2000,2000,4.579725,train,4.083443015857938,0.4962819841420618
aus_us_wheat,United States,Washington,Wheat,2001,2001,3.759275,train,3.952060297819813,-0.19278529781981302
aus_us_wheat,United States,Washington,Wheat,2002,2002,3.651675,train,3.9619299571032025,-0.3102549571032025
aus_us_wheat,United States,Washington,Wheat,2003,2003,3.99465,train,4.095724582814647,-0.10107458281464687
aus_us_wheat,United States,Washington,Wheat,2004,2004,4.243475,train,4.072891523047128,0.17058347695287246
aus_us_wheat,United States,Washington,Wheat,2005,2005,4.20985,train,4.148854881421885,0.06099511857811546
aus_us_wheat,United States,Washington,Wheat,2006,2006,4.1762250000000005,train,4.0987336900122955,0.07749130998770504
aus_us_wheat,United States,Washington,Wheat,2007,2007,3.947575000000001,train,4.1274535628558695,-0.17987856285586856
aus_us_wheat,United States,Washington,Wheat,2008,2008,3.5508,train,3.9242205490302293,-0.37342054903022914
aus_us_wheat,United States,Washington,Wheat,2009,2009,3.671850000000001,train,3.9952373889711956,-0.3233873889711947
aus_us_wheat,United States,Washington,Wheat,2010,2010,4.364525,train,4.3250846926616395,0.0394403073383609
aus_us_wheat,United States,Washington,Wheat,2011,2011,4.768025000000001,train,4.264436892254572,0.5035881077454283
aus_us_wheat,United States,Washington,Wheat,2012,2012,4.47885,train,4.269602423094048,0.20924757690595275
aus_us_wheat,United States,Washington,Wheat,2013,2013,4.4990250000000005,train,4.098367161176537,0.40065783882346384
aus_us_wheat,United States,Washington,Wheat,2014,2014,3.2414500000000004,train,4.2175435591797426,-0.9760935591797422
aus_us_wheat,United States,Washington,Wheat,2015,2015,3.382675,train,3.96462191596205,-0.5819469159620501
aus_us_wheat,Australia,New South Wales,Wheat,2016-17,2016,3.0227399992057675,test,3.793054780389121,-0.7703147811833535
aus_us_wheat,Australia,New South Wales,Wheat,2017-18,2017,1.6835210577864836,test,1.487351492993768,0.19616956479271574
aus_us_wheat,Australia,New South Wales,Wheat,2018-19,2018,0.776814236049158,test,1.7928352897160875,-1.0160210536669294
aus_us_wheat,Australia,New South Wales,Wheat,2019-20,2019,0.8313094273213709,test,1.405336427530079,-0.5740270002087081
aus_us_wheat,Australia,New South Wales,Wheat,2020-21,2020,3.213313794076345,test,2.572924779450849,0.6403890146254958
aus_us_wheat,Australia,New South Wales,Wheat,2021-22,2021,3.334367693589138,test,2.3999817144332694,0.9343859791558686
aus_us_wheat,Australia,Queensland,Wheat,2016-17,2016,2.413383542511456,test,2.404060224499428,0.009323318012028015
aus_us_wheat,Australia,Queensland,Wheat,2017-18,2017,1.1974752381533476,test,2.0650181760581647,-0.8675429379048172
aus_us_wheat,Australia,Queensland,Wheat,2018-19,2018,0.9999475812312216,test,1.9433624325661585,-0.9434148513349369
aus_us_wheat,Australia,Queensland,Wheat,2019-20,2019,0.9478976254708626,test,1.2866828015336371,-0.3387851760627745
aus_us_wheat,Australia,Queensland,Wheat,2020-21,2020,1.6500768010996427,test,2.164863734611154,-0.5147869335115114
aus_us_wheat,Australia,Queensland,Wheat,2021-22,2021,2.362743023845494,test,2.3048618403392696,0.05788118350622451
aus_us_wheat,Australia,South Australia,Wheat,2016-17,2016,2.815328783820076,test,2.6590829297124015,0.15624585410767455
aus_us_wheat,Australia,South Australia,Wheat,2017-18,2017,2.0507811985970315,test,2.0267080135427062,0.024073185054325208
aus_us_wheat,Australia,South Australia,Wheat,2018-19,2018,1.661078888126717,test,1.7394571408161106,-0.07837825268939369
aus_us_wheat,Australia,South Australia,Wheat,2019-20,2019,1.5625584345326953,test,1.9740319290355584,-0.4114734945028631
aus_us_wheat,Australia,South Australia,Wheat,2020-21,2020,2.174911181201273,test,2.322626251024719,-0.14771506982344595
aus_us_wheat,Australia,South Australia,Wheat,2021-22,2021,2.3655187284867414,test,2.061433916751506,0.3040848117352355
aus_us_wheat,Australia,Tasmania,Wheat,2016-17,2016,5.413957099873823,test,5.015801713045658,0.3981553868281651
aus_us_wheat,Australia,Tasmania,Wheat,2017-18,2017,5.475536830660506,test,4.163114481215853,1.3124223494446525
aus_us_wheat,Australia,Tasmania,Wheat,2018-19,2018,5.276315789473685,test,4.221451497976169,1.0548642914975161
aus_us_wheat,Australia,Tasmania,Wheat,2019-20,2019,6.09927596769702,test,4.0575901823888465,2.0416857853081734
aus_us_wheat,Australia,Tasmania,Wheat,2020-21,2020,6.887923651046128,test,4.643276120152237,2.244647530893891
aus_us_wheat,Australia,Tasmania,Wheat,2021-22,2021,7.522627109534558,test,4.710440546931887,2.8121865626026716
aus_us_wheat,Australia,Victoria,Wheat,2016-17,2016,3.207837182883188,test,3.316338908555923,-0.10850172567273475
aus_us_wheat,Australia,Victoria,Wheat,2017-18,2017,2.54499641621158,test,1.8670959612404279,0.6779004549711523
aus_us_wheat,Australia,Victoria,Wheat,2018-19,2018,1.6228227560353363,test,1.7589704134670858,-0.1361476574317495
aus_us_wheat,Australia,Victoria,Wheat,2019-20,2019,2.599499460057934,test,2.3493230710007547,0.25017638905717954
aus_us_wheat,Australia,Victoria,Wheat,2020-21,2020,3.201451512711703,test,2.6883150824110187,0.5131364303006842
aus_us_wheat,Australia,Victoria,Wheat,2021-22,2021,2.93956643393434,test,2.7002578371348913,0.23930859679944883
aus_us_wheat,Australia,Western Australia,Wheat,2016-17,2016,2.0618527102848487,test,1.9945839474592535,0.06726876282559524
aus_us_wheat,Australia,Western Australia,Wheat,2017-18,2017,1.897796514990236,test,2.004854306559152,-0.10705779156891615
aus_us_wheat,Australia,Western Australia,Wheat,2018-19,2018,2.28399249290488,test,2.1837858997095942,0.1002065931952858
aus_us_wheat,Australia,Western Australia,Wheat,2019-20,2019,1.4136458676379102,test,1.8408886960180992,-0.427242828380189
aus_us_wheat,Australia,Western Australia,Wheat,2020-21,2020,2.004029160932592,test,1.7950140454008996,0.2090151155316926
aus_us_wheat,Australia,Western Australia,Wheat,2021-22,2021,2.7382649527215324,test,2.3679977461143267,0.3702672066072057
aus_us_wheat,United States,Colorado,Wheat,2016,2016,3.2414500000000004,test,2.6832087706753303,0.5582412293246701
aus_us_wheat,United States,Colorado,Wheat,2017,2017,2.9052,test,2.4388743712695162,0.46632562873048355
aus_us_wheat,United States,Colorado,Wheat,2018,2018,2.427725,test,2.506033287554369,-0.07830828755436903
aus_us_wheat,United States,Colorado,Wheat,2019,2019,3.29525,test,2.880143143811174,0.4151068561888258
aus_us_wheat,United States,Colorado,Wheat,2020,2020,1.81575,test,2.5543533629182695,-0.7386033629182696
aus_us_wheat,United States,Colorado,Wheat,2021,2021,2.4882500000000003,test,2.738874328080149,-0.25062432808014856
aus_us_wheat,United States,Illinois,Wheat,2016,2016,4.976500000000001,test,4.113930389465343,0.8625696105346572
aus_us_wheat,United States,Illinois,Wheat,2017,2017,5.111000000000001,test,4.239633434450861,0.87136656554914
aus_us_wheat,United States,Illinois,Wheat,2018,2018,4.4385,test,4.00790932010667,0.43059067989333055
aus_us_wheat,United States,Illinois,Wheat,2019,2019,4.50575,test,4.101335124810023,0.40441487518997654
aus_us_wheat,United States,Illinois,Wheat,2020,2020,4.573,test,4.227189537177656,0.3458104628223442
aus_us_wheat,United States,Illinois,Wheat,2021,2021,5.31275,test,4.282324509784262,1.0304254902157384
aus_us_wheat,United States,Iowa,Wheat,2016,2016,4.236750000000001,test,3.6491019797013586,0.587648020298642
aus_us_wheat,United States,Iowa,Wheat,2017,2017,4.573,test,3.633181648824209,0.9398183511757914
aus_us_wheat,United States,Iowa,Wheat,2018,2018,3.9005,test,3.295624677248679,0.604875322751321
aus_us_wheat,United States,Kansas,Wheat,2016,2016,3.83325,test,2.9073048343021095,0.9259451656978905
aus_us_wheat,United States,Kansas,Wheat,2017,2017,3.228,test,3.110230537432025,0.11776946256797505
aus_us_wheat,United States,Kansas,Wheat,2018,2018,2.5555000000000003,test,2.8836802494226172,-0.3281802494226169
aus_us_wheat,United States,Kansas,Wheat,2019,2019,3.4970000000000003,test,2.7474659253297453,0.749534074670255
aus_us_wheat,United States,Kansas,Wheat,2020,2020,3.02625,test,3.031176085827477,-0.004926085827476889
aus_us_wheat,United States,Kansas,Wheat,2021,2021,3.4970000000000003,test,2.985139701698729,0.5118602983012712
aus_us_wheat,United States,Minnesota,Wheat,2016,2016,3.96775,test,3.276491299901295,0.6912587000987052
aus_us_wheat,United States,Minnesota,Wheat,2017,2017,4.4990250000000005,test,3.369154048479543,1.1298709515204575
aus_us_wheat,United States,Minnesota,Wheat,2018,2018,3.96775,test,3.316228892355584,0.6515211076444163
aus_us_wheat,United States,Minnesota,Wheat,2019,2019,3.83325,test,3.518784300085193,0.3144656999148072
aus_us_wheat,United States,Minnesota,Wheat,2020,2020,3.5642500000000004,test,3.6557685120616146,-0.09151851206161421
aus_us_wheat,United States,Minnesota,Wheat,2021,2021,3.228,test,3.4995361297042775,-0.2715361297042773
aus_us_wheat,United States,Montana,Wheat,2016,2016,2.8514,test,2.495645492961505,0.35575450703849487
aus_us_wheat,United States,Montana,Wheat,2017,2017,1.8359250000000005,test,2.5677644006797706,-0.7318394006797702
aus_us_wheat,United States,Montana,Wheat,2018,2018,2.575675,test,2.660090716277415,-0.08441571627741506
aus_us_wheat,United States,Montana,Wheat,2019,2019,2.8514,test,2.4619380093452494,0.3894619906547505
aus_us_wheat,United States,Montana,Wheat,2020,2020,2.8043250000000004,test,2.7081198664889037,0.09620513351109672
aus_us_wheat,United States,Montana,Wheat,2021,2021,1.49295,test,2.4336396201146884,-0.9406896201146884
aus_us_wheat,United States,Nebraska,Wheat,2016,2016,3.6315,test,3.246157398050829,0.385342601949171
aus_us_wheat,United States,Nebraska,Wheat,2017,2017,3.0935,test,2.998032354323107,0.09546764567689303
aus_us_wheat,United States,Nebraska,Wheat,2018,2018,3.29525,test,2.798978032804557,0.496271967195443
aus_us_wheat,United States,Nebraska,Wheat,2019,2019,3.83325,test,2.874889646538493,0.958360353461507
aus_us_wheat,United States,Nebraska,Wheat,2020,2020,2.75725,test,3.13914772679415,-0.3818977267941501
aus_us_wheat,United States,Nebraska,Wheat,2021,2021,3.29525,test,3.1412867656386023,0.15396323436139747
aus_us_wheat,United States,North Dakota,Wheat,2016,2016,3.02625,test,2.6152508793803153,0.4109991206196848
aus_us_wheat,United States,North Dakota,Wheat,2017,2017,2.548775,test,2.8999966938113086,-0.35122169381130863
aus_us_wheat,United States,North Dakota,Wheat,2018,2018,3.2011000000000003,test,2.7986345935565593,0.402465406443441
aus_us_wheat,United States,North Dakota,Wheat,2019,2019,3.2549,test,2.7875265517488725,0.4673734482511276
aus_us_wheat,United States,North Dakota,Wheat,2020,2020,3.2011000000000003,test,2.9508766163231104,0.2502233836768899
aus_us_wheat,United States,North Dakota,Wheat,2021,2021,2.1654500000000003,test,2.9030313436576667,-0.7375813436576664
aus_us_wheat,United States,Oklahoma,Wheat,2016,2016,2.6227500000000004,test,2.7429265941489147,-0.12017659414891435
aus_us_wheat,United States,Oklahoma,Wheat,2017,2017,2.2865,test,2.478114079844473,-0.19161407984447276
aus_us_wheat,United States,Oklahoma,Wheat,2018,2018,1.883,test,2.3136601173924403,-0.43066011739244026
aus_us_wheat,United States,Oklahoma,Wheat,2019,2019,2.6900000000000004,test,2.1888456305493005,0.5011543694506999
aus_us_wheat,United States,Oklahoma,Wheat,2020,2020,2.6900000000000004,test,2.531414950434809,0.15858504956519148
aus_us_wheat,United States,Oklahoma,Wheat,2021,2021,2.6227500000000004,test,2.5237791699257883,0.09897083007421204
aus_us_wheat,United States,South Dakota,Wheat,2016,2016,3.4701000000000004,test,2.966517332101369,0.5035826678986313
aus_us_wheat,United States,South Dakota,Wheat,2017,2017,2.3403,test,3.0105375150605127,-0.6702375150605127
aus_us_wheat,United States,South Dakota,Wheat,2018,2018,2.9859,test,3.092000232573191,-0.10610023257319101
aus_us_wheat,United States,South Dakota,Wheat,2019,2019,3.2347250000000005,test,2.8442966628964093,0.39042833710359126
aus_us_wheat,United States,South Dakota,Wheat,2020,2020,3.48355,test,3.123460818118022,0.36008918188197825
aus_us_wheat,United States,South Dakota,Wheat,2021,2021,2.2865,test,2.9488750370542927,-0.6623750370542925
aus_us_wheat,United States,Texas,Wheat,2016,2016,2.152,test,2.3370733052205503,-0.1850733052205502
aus_us_wheat,United States,Texas,Wheat,2017,2017,1.95025,test,2.4389414659428463,-0.4886914659428463
aus_us_wheat,United States,Texas,Wheat,2018,2018,2.152,test,2.734813381500523,-0.582813381500523
aus_us_wheat,United States,Texas,Wheat,2019,2019,2.2865,test,2.780506165782416,-0.49400616578241596
aus_us_wheat,United States,Texas,Wheat,2020,2020,2.0175,test,2.594044696834511,-0.5765446968345112
aus_us_wheat,United States,Texas,Wheat,2021,2021,2.4882500000000003,test,2.7625104438640324,-0.27426044386403214
aus_us_wheat,United States,Washington,Wheat,2016,2016,4.808375000000001,test,4.616698286298146,0.19167671370185513
aus_us_wheat,United States,Washington,Wheat,2017,2017,4.47885,test,4.413515416620471,0.06533458337952958
aus_us_wheat,United States,Washington,Wheat,2018,2018,4.7613,test,4.561129648004336,0.20017035199566457
aus_us_wheat,United States,Washington,Wheat,2019,2019,4.351075000000001,test,4.403432958337365,-0.0523579583373639
aus_us_wheat,United States,Washington,Wheat,2020,2020,4.868900000000001,test,4.748713685583688,0.12018631441631289
aus_us_wheat,United States,Washington,Wheat,2021,2021,2.629475,test,4.296308970299279,-1.6668339702992792
