country,region,year_start,best_crop,runner_up_crop,best_predicted_yield_t_ha,runner_up_predicted_yield_t_ha,advantage_over_runner_up_t_ha,candidate_crops_in_region,weather_regime
United States,Colorado,2010,Barley,Wheat,6.706715809792681,2.929140008630386,3.777575801162295,3,Dry-spell stress
United States,Colorado,2004,Barley,Wheat,6.264391317462646,2.5181774022350627,3.7462139152275835,3,Cold/frost stress
United States,Colorado,2011,Barley,Wheat,6.392131199453175,2.673264637922057,3.718866561531118,3,Dry-spell stress
United States,Colorado,2021,Barley,Wheat,6.808142553478536,3.09125101321912,3.716891540259416,3,Dry-spell stress
United States,Colorado,2014,Barley,Wheat,6.02406624383147,2.342028886039273,3.682037357792197,3,Cold/frost stress
United States,Colorado,2005,Barley,Wheat,6.417779580273985,2.738308813876087,3.679470766397898,3,Cold/frost stress
United States,Colorado,2013,Barley,Wheat,6.260747469770459,2.5836518894987552,3.677095580271704,3,Cold/frost stress
United States,Colorado,2017,Barley,Wheat,6.688332322544252,3.027039400743236,3.6612929218010155,3,Dry-spell stress
United States,Colorado,2008,Barley,Wheat,6.260171305064233,2.6051467229247534,3.65502458213948,3,Cold/frost stress
United States,Colorado,2018,Barley,Wheat,6.353452521163375,2.7290294061388782,3.624423115024497,3,Cold/frost stress
United States,Colorado,2009,Barley,Wheat,6.903806112445318,3.293671630106959,3.6101344823383594,3,Wet/storm risk
United States,Colorado,2003,Barley,Wheat,5.814074787145718,2.2097247516083485,3.6043500355373697,3,Dry-spell stress
United States,Colorado,2012,Barley,Wheat,6.3780389680105305,2.795092927315829,3.5829460406947016,3,Cold/frost stress
United States,Colorado,2016,Barley,Wheat,6.450003447370045,2.869227846691892,3.5807756006781526,3,Cold/frost stress
United States,Colorado,1998,Barley,Wheat,5.970662375334383,2.4379647844474617,3.5326975908869214,3,Cold/frost stress
United States,Colorado,2000,Barley,Wheat,5.887728294728422,2.3841721860715834,3.5035561086568388,3,Dry-spell stress
United States,Colorado,2007,Barley,Wheat,6.043789339391843,2.5698559219885366,3.4739334174033063,3,Cold/frost stress
United States,Colorado,2020,Barley,Wheat,5.969069643745252,2.5970633118892734,3.3720063318559785,3,Dry-spell stress
United States,Colorado,2015,Barley,Wheat,6.514506339801452,3.15833923334358,3.356167106457872,3,Cold/frost stress
United States,Colorado,2001,Barley,Wheat,5.3487314399787085,2.040225588092176,3.3085058518865327,3,Dry-spell stress
United States,Colorado,2006,Barley,Wheat,5.952440062031897,2.6907101169563807,3.2617299450755164,3,Cold/frost stress
United States,Colorado,1999,Barley,Wheat,5.7875404279752045,2.6000320779238133,3.187508350051391,3,Cold/frost stress
United States,Colorado,2019,Barley,Wheat,5.950021571675847,2.764216712804685,3.185804858871162,3,Dry-spell stress
United States,Colorado,1993,Barley,Wheat,4.981941765583979,1.812791716405956,3.1691500491780236,3,Cold/frost stress
United States,Colorado,1994,Barley,Wheat,5.143379756114756,2.0082753727386,3.1351043833761563,3,Cold/frost stress
United States,Colorado,1989,Barley,Wheat,4.926517047674273,1.808825174189749,3.117691873484524,3,Cold/frost stress
United States,Colorado,2002,Barley,Wheat,5.084895779362395,1.9729654466056925,3.1119303327567023,3,Cold/frost stress
United States,Colorado,1996,Barley,Wheat,5.070440386299464,1.9871166780877385,3.0833237082117257,3,Cold/frost stress
United States,Colorado,1997,Barley,Wheat,5.468445863192435,2.440143686868403,3.028302176324032,3,Wet/storm risk
United States,Colorado,1991,Barley,Wheat,4.705590862817322,1.757215488604066,2.9483753742132564,3,Dry-spell stress
United States,Colorado,1992,Barley,Wheat,4.71502588299146,1.858828430044209,2.856197452947251,3,Cold/frost stress
United States,Colorado,1995,Barley,Wheat,5.116927576708248,2.327202441379014,2.789725135329234,3,Cold/frost stress
United States,Colorado,1990,Barley,Wheat,4.515106961388572,2.0003959482117013,2.5147110131768704,3,Cold/frost stress
United States,Iowa,2006,Wheat,Oats,4.3784352680871645,2.735912197031076,1.6425230710560887,2,Moderate season
United States,Illinois,2013,Wheat,Oats,4.255685234615117,2.655854642119749,1.5998305924953682,2,Wet/storm risk
United States,Illinois,2007,Wheat,Oats,3.777557846768417,2.2363565105162744,1.5412013362521426,2,Wet/storm risk
United States,Iowa,2016,Wheat,Oats,4.20758313258616,2.750187358601721,1.4573957739844392,2,Moderate season
United States,Iowa,2015,Wheat,Oats,3.5660496517169733,2.134864821235527,1.4311848304814463,2,Wet/storm risk
United States,Illinois,2012,Wheat,Oats,4.262196847766515,2.838434694354693,1.4237621534118219,2,Hot-dry stress
United States,Illinois,2006,Wheat,Oats,4.337752726528028,2.9173318858112234,1.4204208407168046,2,Wet/storm risk
United States,Illinois,2000,Wheat,Oats,4.056522895003509,2.6581583444913544,1.3983645505121545,2,Moderate season
United States,Illinois,2014,Wheat,Oats,4.337478782033186,2.9521555539560245,1.3853232280771612,2,Wet/storm risk
United States,Illinois,2010,Wheat,Oats,3.9322559355373583,2.5553432892681283,1.37691264626923,2,Wet/storm risk
United States,Illinois,2008,Wheat,Oats,4.215287583587988,2.8580711813354887,1.357216402252499,2,Wet/storm risk
United States,Illinois,2018,Wheat,Oats,4.776451822230227,3.426463490716303,1.3499883315139236,2,Wet/storm risk
United States,Illinois,1999,Wheat,Oats,3.945838597815606,2.5959836457329635,1.3498549520826426,2,Wet/storm risk
United States,Illinois,2003,Wheat,Oats,4.422265172182895,3.1128297806145278,1.3094353915683672,2,Wet/storm risk
United States,Illinois,2016,Wheat,Oats,4.163149308645749,2.863242570864446,1.2999067377813027,2,Wet/storm risk
United States,Iowa,2021,Wheat,Oats,4.137411093994325,2.839358120855289,1.2980529731390362,2,Wet/storm risk
United States,Illinois,2009,Wheat,Oats,3.746589276537337,2.4675257421972674,1.2790635343400698,2,Wet/storm risk
United States,Illinois,1992,Wheat,Oats,3.5012502651030464,2.2231012047178,1.2781490603852466,2,Moderate season
United States,Illinois,1997,Wheat,Oats,3.945423771238798,2.6909961116147265,1.2544276596240715,2,Moderate season
United States,Illinois,2019,Wheat,Oats,4.728509272370058,3.4787689058820037,1.2497403664880542,2,Wet/storm risk
United States,Illinois,2005,Wheat,Oats,4.0431335592437945,2.7968697606080424,1.246263798635752,2,Wet/storm risk
United States,Illinois,2011,Wheat,Oats,4.100709183330399,2.882832491252794,1.217876692077605,2,Moderate season
United States,Illinois,2015,Wheat,Oats,4.118304617833273,2.906524012449281,1.211780605383992,2,Wet/storm risk
United States,Illinois,2004,Wheat,Oats,3.80007384970825,2.598808717616687,1.2012651320915628,2,Wet/storm risk
Australia,Tasmania,2008,Wheat,Barley,4.030486353304164,2.8349546506152987,1.1955317026888657,4,Cold/frost stress
Australia,Tasmania,2011,Wheat,Barley,4.615771127697295,3.42274969187733,1.193021435819965,4,Wet/storm risk
Australia,Tasmania,2014,Wheat,Barley,4.660307978828863,3.4826566334429545,1.1776513453859083,4,Wet/storm risk
Australia,Tasmania,1997,Wheat,Barley,3.775989934841665,2.606978222558345,1.1690117122833201,4,Cold/frost stress
United States,Iowa,2020,Wheat,Oats,4.097946805180711,2.9291569535065283,1.1687898516741826,2,Wet/storm risk
United States,Illinois,1994,Wheat,Oats,3.5475225314891987,2.382268956465744,1.1652535750234545,2,Moderate season
Australia,Tasmania,2015,Wheat,Barley,4.575752698481972,3.4127329794896277,1.1630197189923446,4,Cold/frost stress
Australia,Tasmania,2005,Wheat,Barley,4.54510820781245,3.399086991123884,1.146021216688566,4,Wet/storm risk
United States,Illinois,2021,Wheat,Oats,4.875962203188367,3.7306868579952,1.1452753451931668,2,Wet/storm risk
United States,Illinois,2020,Wheat,Oats,4.238427350134779,3.1076095481659785,1.1308178019688002,2,Wet/storm risk
United States,Illinois,2002,Wheat,Oats,3.4301626991093137,2.30821351377118,1.1219491853381336,2,Wet/storm risk
Australia,Tasmania,2019,Wheat,Barley,4.3623871512042,3.2419528937763267,1.1204342574278736,4,Cold/frost stress
Australia,Tasmania,1998,Wheat,Barley,4.227644649613838,3.107224492794483,1.120420156819355,4,Wet/storm risk
Australia,Tasmania,2007,Wheat,Barley,3.9256425647784754,2.8077868274691005,1.117855737309375,4,Cold/frost stress
United States,Iowa,2017,Wheat,Oats,4.5972926753769,3.48103203016547,1.1162606452114296,2,Moderate season
Australia,Tasmania,1992,Wheat,Barley,3.9292734701124417,2.820906019958455,1.1083674501539869,4,Wet/storm risk
Australia,Tasmania,2010,Wheat,Barley,4.185273438667458,3.090375499864547,1.0948979388029114,4,Cold/frost stress
Australia,Tasmania,2012,Wheat,Barley,4.545278076569284,3.461160763507989,1.084117313061295,4,Wet/storm risk
United States,Illinois,2001,Wheat,Oats,3.8098438468619618,2.728615341498881,1.0812285053630806,2,Wet/storm risk
United States,Iowa,2018,Wheat,Oats,3.2505273454790515,2.1859937900887454,1.0645335553903061,2,Wet/storm risk
United States,Illinois,1989,Wheat,Oats,3.7752193571504087,2.711821682255564,1.0633976748948446,2,Moderate season
Australia,Tasmania,2004,Wheat,Barley,4.427050900888146,3.369141440754968,1.0579094601331778,4,Wet/storm risk
Australia,Tasmania,2018,Wheat,Barley,4.329566820747431,3.273720526566854,1.0558462941805766,4,Wet/storm risk
United States,Illinois,1990,Wheat,Oats,3.374615964243718,2.323927082114963,1.050688882128755,2,Wet/storm risk
Australia,Tasmania,2001,Wheat,Barley,4.305936203852649,3.2683996955379886,1.0375365083146608,4,Moderate season
United States,Illinois,1996,Wheat,Oats,3.0818026922813164,2.0661547814031525,1.015647910878164,2,Moderate season
Australia,Tasmania,2013,Wheat,Barley,5.248548623391982,4.238474560771404,1.0100740626205784,4,Wet/storm risk
Australia,Tasmania,1993,Wheat,Barley,3.6184699525202273,2.6150016797440614,1.003468272776166,4,Moderate season
Australia,Tasmania,1999,Wheat,Barley,3.718698927068613,2.720733623261182,0.997965303807431,4,Cold/frost stress
Australia,Tasmania,2009,Wheat,Barley,4.152889211725895,3.157439014145353,0.9954501975805417,4,Wet/storm risk
Australia,Tasmania,2021,Wheat,Barley,5.231213645856375,4.239335007133777,0.9918786387225982,4,Wet/storm risk
United States,Iowa,2012,Wheat,Oats,3.281920778429829,2.2963489049440886,0.9855718734857404,2,Hot-dry stress
United States,Iowa,2003,Wheat,Oats,3.911323492528677,2.930792042996962,0.980531449531715,2,Moderate season
Australia,Tasmania,1990,Wheat,Barley,3.485840086611626,2.5109950615574546,0.9748450250541714,4,Wet/storm risk
Australia,Tasmania,2002,Wheat,Barley,3.841691735787253,2.868634580157114,0.9730571556301388,4,Cold/frost stress
Australia,Tasmania,1995,Wheat,Barley,3.746574945463808,2.7803444482757103,0.9662304971880977,4,Cold/frost stress
United States,Iowa,2014,Wheat,Oats,3.388415135623477,2.424758336175405,0.963656799448072,2,Wet/storm risk
United States,Washington,2003,Wheat,Barley,3.582619136014472,2.6246102335430885,0.9580089024713834,4,Dry-spell stress
Australia,Tasmania,2017,Wheat,Barley,4.359297411555957,3.4254102625963,0.933887148959657,4,Cold/frost stress
United States,Iowa,2008,Wheat,Oats,3.138316562886777,2.205534780811095,0.9327817820756819,2,Wet/storm risk
United States,Iowa,2011,Wheat,Oats,3.268990542077328,2.336286946495803,0.932703595581525,2,Moderate season
Australia,Tasmania,1996,Wheat,Barley,3.5445006326681234,2.613683953505671,0.9308166791624526,4,Wet/storm risk
Australia,Tasmania,2020,Wheat,Barley,4.675928621381764,3.7505368511988735,0.9253917701828902,4,Wet/storm risk
United States,Iowa,2013,Wheat,Oats,3.359868817613693,2.4350110487290824,0.9248577688846105,2,Wet/storm risk
Australia,Tasmania,2000,Wheat,Barley,3.8598628212405695,2.9371372877040254,0.9227255335365441,4,Wet/storm risk
United States,Iowa,2004,Wheat,Oats,3.704573567089049,2.788167985400208,0.9164055816888408,2,Wet/storm risk
United States,Illinois,2017,Wheat,Oats,4.126439888559587,3.217911742374341,0.9085281461852461,2,Wet/storm risk
United States,Iowa,2009,Wheat,Oats,3.18516600570116,2.2841592122474403,0.9010067934537198,2,Wet/storm risk
United States,North Dakota,2018,Barley,Wheat,3.724869070072384,2.8246555745417856,0.9002134955305983,4,Cold/frost stress
United States,Illinois,1993,Wheat,Oats,2.937741837040261,2.043088500033952,0.894653337006309,2,Wet/storm risk
United States,Iowa,2019,Wheat,Oats,3.418299194603761,2.525652881773614,0.8926463128301467,2,Wet/storm risk
United States,Illinois,1991,Wheat,Oats,2.584261766455712,1.7026043810562017,0.8816573853995102,2,Wet/storm risk
Australia,Tasmania,2003,Wheat,Barley,3.6996612803444826,2.824049547677169,0.8756117326673136,4,Wet/storm risk
United States,Illinois,1998,Wheat,Oats,2.9454340689436767,2.0785800202754827,0.8668540486681939,2,Wet/storm risk
Australia,Tasmania,2016,Wheat,Barley,4.619777323265275,3.761644039642033,0.8581332836232418,4,Wet/storm risk
United States,Iowa,2007,Wheat,Oats,3.365814824896724,2.516977645599651,0.8488371792970733,2,Wet/storm risk
Australia,Tasmania,1989,Wheat,Barley,3.3210017591869594,2.4756951560989666,0.8453066030879928,4,Wet/storm risk
United States,Illinois,1995,Wheat,Oats,3.313880970376629,2.4711109419899167,0.8427700283867123,2,Wet/storm risk
Australia,Tasmania,1991,Wheat,Barley,3.3220713212148607,2.493815924389133,0.8282553968257278,4,Moderate season
United States,Iowa,2010,Wheat,Oats,2.89200033743112,2.075163960714015,0.816836376717105,2,Wet/storm risk
United States,Washington,2017,Wheat,Barley,3.80877687302742,2.9944835456904184,0.8142933273370017,4,Dry-spell stress
United States,North Dakota,2001,Barley,Wheat,3.0166935914628654,2.2024743263748925,0.8142192650879729,4,Moderate season
United States,Iowa,2005,Wheat,Oats,3.3863508922800936,2.586178272989546,0.8001726192905476,2,Wet/storm risk
United States,Iowa,1992,Wheat,Oats,2.9241466817888027,2.129297922696253,0.7948487590925497,2,Moderate season
United States,Montana,1991,Barley,Wheat,2.776003002008949,1.985373895154704,0.7906291068542448,4,Cold/frost stress
United States,Washington,2001,Wheat,Barley,3.465571052076992,2.6878670473293744,0.7777040047476174,4,Dry-spell stress
United States,North Dakota,2009,Barley,Wheat,3.75320383562537,2.9768055413689627,0.7763982942564072,4,Cold/frost stress
Australia,New South Wales,1991,Wheat,Oats,2.215680176283483,1.4516833228678117,0.7639968534156711,4,Wet/storm risk
United States,Washington,1994,Wheat,Barley,3.3273798238172887,2.5648336919697945,0.7625461318474942,4,Dry-spell stress
United States,Iowa,1990,Wheat,Oats,3.020244099178929,2.2580593167033585,0.7621847824755705,2,Wet/storm risk
United States,North Dakota,2008,Barley,Wheat,3.132408721016194,2.3798962467394045,0.7525124742767897,4,Moderate season
United States,Iowa,1995,Wheat,Oats,3.0707131176653224,2.320308435569976,0.7504046820953465,2,Moderate season
United States,North Dakota,1992,Barley,Wheat,3.282470328230436,2.541402699394344,0.7410676288360922,4,Moderate season
United States,North Dakota,2002,Barley,Wheat,2.4985857035802392,1.76503191681232,0.7335537867679192,4,Dry-spell stress
United States,North Dakota,2006,Barley,Wheat,2.8061994552742755,2.0751577973815287,0.7310416578927468,4,Cold/frost stress
United States,Iowa,2000,Wheat,Oats,3.228487883542587,2.5090463005140924,0.7194415830284946,2,Moderate season
United States,Iowa,2002,Wheat,Oats,3.1955990523495594,2.4762895995864533,0.7193094527631061,2,Moderate season
United States,Iowa,1997,Wheat,Oats,3.2296349723595963,2.515371393298723,0.7142635790608733,2,Wet/storm risk
United States,Washington,1989,Wheat,Barley,3.3357201123315394,2.6242163700289294,0.71150374230261,4,Dry-spell stress
United States,Washington,2012,Wheat,Barley,4.251724013735412,3.5404505158147384,0.7112734979206738,4,Dry-spell stress
United States,North Dakota,2004,Barley,Wheat,3.403751631153872,2.693460283711032,0.7102913474428401,4,Cold/frost stress
United States,Iowa,2001,Wheat,Oats,3.304259237966139,2.600217850847024,0.7040413871191147,2,Wet/storm risk
United States,Texas,2011,Barley,Wheat,2.1819159851650864,1.480630331275048,0.7012856538900385,3,Hot-dry stress
United States,Iowa,1998,Wheat,Oats,2.814789593208911,2.1146828204005925,0.7001067728083186,2,Wet/storm risk
United States,North Dakota,2011,Barley,Oats,2.736013907762792,2.0441458736761904,0.6918680340866015,4,Moderate season
United States,North Dakota,1991,Barley,Wheat,2.7259781089681723,2.0414651538083,0.6845129551598723,4,Wet/storm risk
United States,Montana,1996,Barley,Oats,2.3544765251402744,1.676277367943818,0.6781991571964563,4,Cold/frost stress
United States,North Dakota,2005,Barley,Wheat,2.976167862634091,2.298354686105929,0.6778131765281619,4,Cold/frost stress
United States,North Dakota,2017,Barley,Wheat,3.088595476884082,2.412286993416229,0.676308483467853,4,Dry-spell stress
United States,Montana,2005,Barley,Wheat,2.791848425976708,2.1162578926086635,0.6755905333680445,4,Cold/frost stress
Australia,New South Wales,1990,Wheat,Barley,2.464361821168336,1.7917409070292218,0.672620914139114,4,Wet/storm risk
United States,North Dakota,1997,Barley,Wheat,2.4846240012075915,1.8150163983437104,0.6696076028638811,4,Wet/storm risk
Australia,Tasmania,1994,Wheat,Barley,2.719405864677273,2.0538445113970463,0.6655613532802267,4,Cold/frost stress
United States,Montana,2006,Barley,Wheat,2.618497348845945,1.973601287424633,0.6448960614213122,4,Cold/frost stress
United States,North Dakota,2014,Barley,Wheat,3.6319973584446794,2.987527141529037,0.6444702169156424,4,Cold/frost stress
United States,North Dakota,1996,Barley,Wheat,2.8178524086723558,2.185199503070297,0.6326529056020589,4,Cold/frost stress
United States,Iowa,1999,Wheat,Oats,2.959507955603657,2.330951821623164,0.628556133980493,2,Moderate season
United States,Iowa,1989,Wheat,Oats,3.098571487925456,2.471681620916561,0.6268898670088947,2,Wet/storm risk
United States,Montana,2007,Barley,Wheat,2.5525927887895783,1.926463722275665,0.6261290665139132,4,Moderate season
Australia,Victoria,2016,Wheat,Barley,3.892279248952191,3.2679234842064537,0.6243557647457374,4,Wet/storm risk
Australia,Western Australia,2019,Barley,Oats,2.218215459845542,1.5948781446608358,0.6233373151847061,4,Hot-dry stress
United States,Texas,2017,Wheat,Barley,3.0693763624075987,2.451881595787513,0.6174947666200858,3,Hot-dry stress
Australia,Queensland,2018,Barley,Wheat,2.776999129904912,2.1595658549711114,0.6174332749338007,4,Dry-spell stress
United States,Montana,2016,Barley,Wheat,3.031011269138233,2.4237769196119188,0.6072343495263142,4,Moderate season
United States,Montana,2000,Barley,Wheat,2.482352825500331,1.8758364041570417,0.6065164213432892,4,Dry-spell stress
United States,Washington,2000,Wheat,Barley,4.3487844951817,3.742313312623275,0.6064711825584252,4,Dry-spell stress
United States,Washington,1997,Wheat,Barley,4.292948809593089,3.6868567780026176,0.6060920315904719,4,Wet/storm risk
United States,Washington,1990,Wheat,Barley,3.861077111514336,3.2581576955977765,0.6029194159165594,4,Wet/storm risk
United States,Montana,2018,Barley,Wheat,3.565328804869303,2.964012095027604,0.6013167098416989,4,Cold/frost stress
United States,Washington,2015,Wheat,Barley,3.244150101263198,2.64322620889474,0.6009238923684581,4,Dry-spell stress
United States,Montana,1990,Barley,Wheat,2.3745354351558285,1.7746687452485386,0.59986668990729,4,Dry-spell stress
United States,Washington,2014,Wheat,Barley,3.4794150098953613,2.880550316750174,0.5988646931451873,4,Dry-spell stress
United States,South Dakota,2007,Wheat,Barley,3.073872898688109,2.475602575506757,0.5982703231813518,3,Wet/storm risk
United States,Texas,2015,Barley,Wheat,2.5203191199837867,1.9224212517438344,0.5978978682399523,3,Hot-dry stress
United States,Montana,1993,Barley,Wheat,3.137680375472276,2.5405481343205243,0.5971322411517517,4,Cold/frost stress
United States,Washington,1995,Wheat,Barley,3.9903855168609432,3.3945844836062182,0.595801033254725,4,Moderate season
United States,Washington,2010,Wheat,Barley,4.478553641792523,3.8827930703536655,0.5957605714388574,4,Dry-spell stress
United States,Montana,1999,Barley,Wheat,2.4235186206924304,1.8278866012269168,0.5956320194655136,4,Cold/frost stress
United States,North Dakota,1994,Barley,Wheat,2.899450917700053,2.312792483411492,0.586658434288561,4,Wet/storm risk
United States,North Dakota,1999,Barley,Wheat,2.638799769758366,2.054074064845563,0.584725704912803,4,Wet/storm risk
United States,Kansas,2013,Wheat,Barley,2.587201102862865,2.002567644548858,0.5846334583140074,4,Hot-dry stress
United States,Washington,2007,Wheat,Barley,3.7276695591610167,3.143680366831428,0.5839891923295886,4,Dry-spell stress
Australia,New South Wales,1993,Wheat,Barley,2.8075920281899864,2.2255979274650666,0.5819941007249199,4,Wet/storm risk
United States,Minnesota,1993,Barley,Wheat,2.9083532852738143,2.3268014710313865,0.5815518142424279,4,Moderate season
United States,North Dakota,2013,Barley,Wheat,3.5227088722177564,2.941975949978219,0.5807329222395374,4,Wet/storm risk
United States,Montana,1998,Barley,Wheat,2.62423954023426,2.0480258430981246,0.5762136971361356,4,Moderate season
Australia,Victoria,1992,Wheat,Barley,2.688152904064665,2.1171276988270336,0.5710252052376315,4,Wet/storm risk
United States,Kansas,1999,Wheat,Barley,2.9144028487597526,2.3436334570630533,0.5707693916966994,4,Wet/storm risk
United States,Minnesota,2002,Barley,Wheat,2.9550217725757566,2.3975081218555894,0.5575136507201672,4,Cold/frost stress
United States,North Dakota,1990,Barley,Wheat,2.75413546364202,2.199400327263759,0.5547351363782611,4,Moderate season
United States,Montana,2002,Barley,Wheat,2.182824364000486,1.6348089264115586,0.5480154375889272,4,Cold/frost stress
United States,Iowa,1994,Wheat,Oats,2.8109841834310374,2.264054788142587,0.5469293952884504,2,Wet/storm risk
United States,Montana,1997,Barley,Wheat,2.7113483725127105,2.166782185834224,0.5445661866784866,4,Cold/frost stress
United States,Minnesota,1997,Barley,Wheat,2.9143817764532187,2.374166505772537,0.5402152706806818,4,Wet/storm risk
United States,Washington,2009,Wheat,Barley,3.743124810580453,3.20446582097815,0.5386589896023031,4,Wet/storm risk
United States,North Dakota,2000,Barley,Wheat,2.92577275739598,2.389454000934077,0.536318756461903,4,Wet/storm risk
United States,Montana,1994,Barley,Wheat,2.361379364705673,1.827376942912584,0.5340024217930892,4,Dry-spell stress
United States,Washington,1996,Wheat,Barley,3.952536016454616,3.422810912832624,0.5297251036219923,4,Dry-spell stress
United States,Nebraska,2000,Wheat,Barley,2.285762451489169,1.7572044423549866,0.5285580091341822,3,Hot-dry stress
United States,Minnesota,2000,Barley,Wheat,3.5417059748860646,3.0175570921121286,0.524148882773936,4,Moderate season
United States,Montana,2001,Barley,Wheat,2.2456667003440014,1.7224947053001318,0.5231719950438696,4,Dry-spell stress
United States,Oklahoma,2004,Wheat,Barley,2.2522244753082905,1.7314998956661078,0.5207245796421827,4,Wet/storm risk
United States,South Dakota,2008,Wheat,Oats,3.0649042386045666,2.5456551318870986,0.519249106717468,3,Wet/storm risk
United States,Montana,2017,Barley,Wheat,2.631454273512526,2.114536459281822,0.516917814230704,4,Dry-spell stress
United States,Montana,2004,Barley,Wheat,2.684399862455182,2.169407084997661,0.5149927774575209,4,Cold/frost stress
United States,Washington,2005,Wheat,Barley,3.867516946493682,3.360015302638198,0.507501643855484,4,Dry-spell stress
United States,North Dakota,2003,Barley,Wheat,2.9194396071880924,2.416631607843344,0.5028079993447485,4,Moderate season
United States,Montana,2013,Barley,Wheat,3.008098668533062,2.511558811691523,0.49653985684153934,4,Cold/frost stress
United States,Kansas,2004,Wheat,Barley,2.3455865356744643,1.851035916116655,0.4945506195578093,4,Wet/storm risk
United States,Montana,2012,Barley,Wheat,2.758170650260232,2.269376810726479,0.488793839533753,4,Dry-spell stress
United States,South Dakota,2016,Wheat,Barley,3.2223583209181363,2.734805089397904,0.48755323152023244,3,Moderate season
Australia,Western Australia,2013,Barley,Oats,2.6803555445621985,2.194548581682824,0.48580696287937464,4,Hot-dry stress
United States,South Dakota,2018,Wheat,Barley,3.425692094627877,2.940462371248131,0.4852297233797458,3,Moderate season
United States,Montana,2010,Barley,Wheat,3.235466180121299,2.753421382661354,0.4820447974599449,4,Cold/frost stress
United States,Washington,1999,Wheat,Barley,3.762907861969481,3.281066644659925,0.48184121730955587,4,Wet/storm risk
United States,North Dakota,2019,Barley,Wheat,3.611506372653381,3.131271619241596,0.4802347534117848,4,Cold/frost stress
United States,North Dakota,1993,Barley,Oats,2.700984379702466,2.2213920080252456,0.47959237167722035,4,Cold/frost stress
United States,North Dakota,2020,Barley,Wheat,3.3240474337413555,2.8451815151571287,0.4788659185842268,4,Cold/frost stress
United States,North Dakota,2010,Barley,Wheat,3.418671397637567,2.9399958591056348,0.47867553853193234,4,Moderate season
United States,Kansas,1997,Wheat,Barley,2.783253249913832,2.311036230883498,0.47221701903033386,4,Wet/storm risk
United States,Minnesota,1990,Barley,Wheat,3.463111083520747,2.994437116917989,0.46867396660275773,4,Wet/storm risk
United States,Montana,2015,Barley,Wheat,2.8229724758496038,2.356469120268305,0.46650335558129896,4,Moderate season
United States,North Dakota,2012,Barley,Wheat,3.3240932512488066,2.858653372655721,0.4654398785930858,4,Cold/frost stress
United States,Washington,1998,Wheat,Barley,3.965985941838036,3.5026995786056783,0.4632863632323576,4,Dry-spell stress
United States,Washington,2018,Wheat,Barley,3.9395673198509273,3.476651983386976,0.46291533646395155,4,Dry-spell stress
United States,Kansas,2005,Wheat,Barley,2.746322536249022,2.283768957335968,0.4625535789130537,4,Hot-dry stress
United States,Washington,1991,Wheat,Barley,3.428561376578301,2.966205643317966,0.4623557332603352,4,Dry-spell stress
United States,Minnesota,2019,Barley,Wheat,3.4613080868645683,3.002384811873301,0.45892327499126706,4,Wet/storm risk
Australia,Western Australia,2015,Barley,Oats,2.304292468210617,1.84627901064414,0.45801345756647716,4,Hot-dry stress
United States,Washington,2011,Wheat,Barley,4.191713548787709,3.7351390171984074,0.4565745315893013,4,Dry-spell stress
United States,South Dakota,2010,Wheat,Barley,2.826082687875981,2.369570096015707,0.45651259186027415,3,Moderate season
United States,Oklahoma,2020,Wheat,Barley,4.109093924623935,3.655016059961863,0.45407786466207245,4,Hot-dry stress
United States,South Dakota,2015,Wheat,Oats,3.029674416851691,2.576339753705434,0.4533346631462569,3,Moderate season
United States,Washington,2004,Wheat,Barley,4.358257957973727,3.907155718387463,0.4511022395862643,4,Wet/storm risk
United States,South Dakota,2021,Wheat,Barley,3.399901673874462,2.9537000803244613,0.44620159355000055,3,Hot-dry stress
Australia,Queensland,1996,Barley,Wheat,2.014925183230849,1.573596188434983,0.44132899479586607,4,Wet/storm risk
United States,Montana,1992,Barley,Wheat,2.4296899302635806,1.98931910774124,0.4403708225223406,4,Cold/frost stress
United States,Oklahoma,2018,Wheat,Barley,2.777904868088611,2.3449036011134705,0.43300126697514063,4,Hot-dry stress
United States,Kansas,2011,Wheat,Barley,2.1103480894239723,1.681526170563909,0.42882191886006327,4,Hot-dry stress
United States,North Dakota,1989,Barley,Wheat,2.1012427070439834,1.6749823274886846,0.42626037955529883,4,Cold/frost stress
United States,Minnesota,1991,Barley,Wheat,2.5483121845883856,2.1220679559911857,0.4262442285971999,4,Wet/storm risk
United States,Montana,2009,Barley,Wheat,3.0479616007878616,2.625634238426364,0.4223273623614978,4,Wet/storm risk
United States,South Dakota,2017,Wheat,Barley,3.1891766429495743,2.767080866541311,0.4220957764082631,3,Moderate season
United States,South Dakota,2014,Wheat,Barley,3.5475360763726416,3.1255298514475225,0.4220062249251191,3,Moderate season
United States,Texas,1992,Barley,Wheat,2.357689031977308,1.9359767451698489,0.4217122868074592,3,Wet/storm risk
United States,Montana,2003,Barley,Wheat,2.144188709674053,1.722577631693904,0.42161107798014896,4,Cold/frost stress
United States,North Dakota,2007,Barley,Wheat,2.86305822882794,2.4417580565221204,0.4213001723058194,4,Moderate season
United States,Montana,2014,Barley,Wheat,3.0451746823751176,2.6244756297773915,0.4206990525977261,4,Wet/storm risk
United States,Washington,2021,Wheat,Barley,3.277528382461974,2.8571822165014327,0.4203461659605412,4,Dry-spell stress
United States,Kansas,2015,Wheat,Barley,2.589349110207708,2.170748497466059,0.41860061274164906,4,Hot-dry stress
United States,Washington,2013,Wheat,Barley,4.120680036164956,3.703172463157826,0.4175075730071294,4,Moderate season
United States,Washington,1992,Wheat,Barley,3.2237293466494465,2.8103173357897626,0.41341201085968393,4,Wet/storm risk
United States,Kansas,2001,Wheat,Barley,2.8072919457843915,2.3954287848773053,0.4118631609070862,4,Hot-dry stress
United States,Oklahoma,2011,Barley,Wheat,1.9198906850127608,1.5082326655412777,0.41165801947148317,4,Hot-dry stress
United States,Texas,2019,Barley,Wheat,4.312047453232911,3.9022067437375223,0.4098407094953891,3,Hot-dry stress
United States,South Dakota,2013,Wheat,Barley,3.077637480133602,2.668031876862969,0.409605603270633,3,Wet/storm risk
United States,Washington,2016,Wheat,Barley,4.395900225473454,3.987391054314884,0.40850917115857044,4,Dry-spell stress
Australia,Queensland,2015,Barley,Wheat,2.4528073611593424,2.0455986682622487,0.4072086928970937,4,Wet/storm risk
United States,Kansas,2006,Wheat,Barley,2.2343584814592714,1.8274258581795912,0.40693262327968016,4,Hot-dry stress
United States,Kansas,2017,Wheat,Barley,3.2372766817956795,2.8324952969655337,0.4047813848301458,4,Hot-dry stress
United States,Kansas,2010,Wheat,Barley,2.8048627990269432,2.4072947615996583,0.39756803742728497,4,Hot-dry stress
United States,Oklahoma,2006,Barley,Wheat,1.917226071503678,1.5227048394368674,0.39452123206681056,4,Hot-dry stress
United States,Washington,2019,Wheat,Barley,3.811435534558657,3.41909535062016,0.3923401839384968,4,Dry-spell stress
United States,Montana,2011,Barley,Wheat,2.6391063135473627,2.252459619967267,0.38664669358009585,4,Cold/frost stress
United States,North Dakota,2016,Barley,Wheat,3.069034601444929,2.683035430406301,0.3859991710386277,4,Moderate season
United States,Kansas,1996,Wheat,Barley,2.1550413824072563,1.7694598811612696,0.38558150124598667,4,Wet/storm risk
United States,Washington,2002,Wheat,Barley,3.4392174720591475,3.054903750677953,0.38431372138119446,4,Dry-spell stress
United States,Oklahoma,2008,Wheat,Barley,2.557965909756644,2.1736664035515907,0.3842995062050534,4,Hot-dry stress
United States,Washington,2008,Wheat,Barley,3.70858922276621,3.324438224433792,0.3841509983324176,4,Dry-spell stress
United States,Minnesota,1994,Barley,Wheat,2.6655643033374017,2.283877335766158,0.38168696757124376,4,Wet/storm risk
United States,North Dakota,1998,Barley,Wheat,2.787527827606663,2.4063557805637963,0.3811720470428668,4,Moderate season
United States,Oklahoma,1995,Barley,Wheat,1.876045525475139,1.4966350628913598,0.3794104625837791,4,Hot-dry stress
Australia,New South Wales,2015,Barley,Wheat,2.656461851686594,2.2811380464447994,0.37532380524179443,4,Cold/frost stress
United States,Kansas,1989,Wheat,Barley,2.255677694009924,1.8808883677094597,0.37478932630046446,4,Moderate season
United States,Montana,2008,Barley,Wheat,2.660330582960282,2.288376704426597,0.3719538785336849,4,Wet/storm risk
United States,Oklahoma,2010,Wheat,Barley,2.1134365693219017,1.7428144280428102,0.37062214127909154,4,Hot-dry stress
United States,Nebraska,2021,Wheat,Barley,3.241011698551662,2.872253729383488,0.36875796916817416,3,Moderate season
United States,Oklahoma,2001,Wheat,Barley,2.3049545271512635,1.9425758510692197,0.36237867608204377,4,Hot-dry stress
United States,Montana,1995,Barley,Wheat,2.692526519899788,2.330256810283978,0.36226970961581006,4,Cold/frost stress
United States,Nebraska,2003,Wheat,Barley,3.214435795920606,2.855560079019773,0.35887571690083275,3,Hot-dry stress
United States,Minnesota,2020,Barley,Wheat,3.935466738686532,3.577252196848004,0.35821454183852763,4,Wet/storm risk
United States,Kansas,2008,Wheat,Barley,2.5360787476634683,2.1815907944758663,0.35448795318760196,4,Wet/storm risk
United States,Nebraska,2002,Wheat,Barley,2.152278512078454,1.7980677485021066,0.3542107635763476,3,Moderate season
Australia,New South Wales,1999,Wheat,Barley,2.558108571635362,2.206623031928987,0.35148553970637497,4,Wet/storm risk
United States,Kansas,1992,Wheat,Barley,2.3937917616090747,2.0458152256892808,0.34797653591979394,4,Wet/storm risk
United States,Minnesota,1998,Barley,Wheat,3.0402304793300754,2.6967095047321417,0.34352097459793374,4,Wet/storm risk
United States,Texas,2007,Barley,Wheat,2.770651912926036,2.428116100551096,0.34253581237494,3,Wet/storm risk
United States,Kansas,2009,Wheat,Barley,2.872270368028742,2.530437412879092,0.3418329551496502,4,Wet/storm risk
United States,Nebraska,2006,Wheat,Barley,2.2608831158031,1.922084304512301,0.33879881129079914,3,Moderate season
United States,Minnesota,1995,Barley,Wheat,2.5210289939533257,2.183056613596797,0.33797238035652866,4,Wet/storm risk
United States,Montana,2019,Barley,Wheat,3.0498706617965574,2.7125556544921583,0.3373150073043991,4,Cold/frost stress
United States,Texas,1997,Barley,Wheat,2.359813368678084,2.023655854352819,0.3361575143252651,3,Hot-dry stress
United States,Kansas,2000,Wheat,Barley,2.601583035057099,2.266318758683908,0.335264276373191,4,Hot-dry stress
Australia,South Australia,2008,Barley,Wheat,1.5005101162093886,1.1740520606382177,0.3264580555711709,4,Hot-dry stress
United States,South Dakota,2004,Wheat,Barley,3.459822938122888,3.134146751926029,0.32567618619685934,3,Wet/storm risk
Australia,South Australia,1992,Barley,Wheat,2.0921821402993004,1.7686743941004872,0.3235077461988132,4,Moderate season
United States,South Dakota,1992,Barley,Wheat,2.708810355367121,2.3912612140142717,0.31754914135284906,3,Moderate season
United States,South Dakota,1994,Wheat,Oats,2.603885362236492,2.2880499258867384,0.31583543634975353,3,Wet/storm risk
Australia,New South Wales,1989,Wheat,Barley,1.963109709858398,1.6490056216519695,0.31410408820642854,4,Wet/storm risk
United States,Kansas,1994,Wheat,Barley,2.3200220057940784,2.007517292741972,0.31250471305210636,4,Hot-dry stress
United States,Minnesota,2017,Barley,Wheat,3.871953199625042,3.559479368969959,0.3124738306550827,4,Wet/storm risk
Australia,New South Wales,2013,Barley,Wheat,2.193605371625011,1.883632236261552,0.30997313536345894,4,Cold/frost stress
Australia,Queensland,1989,Barley,Wheat,1.8949328036494584,1.586198751784806,0.3087340518646524,4,Hot-dry stress
Australia,New South Wales,1994,Wheat,Barley,0.8443246661333523,0.5407681153078938,0.3035565508254585,4,Cold/frost stress
United States,Nebraska,1990,Wheat,Barley,2.530454251993242,2.230579046213358,0.2998752057798839,3,Hot-dry stress
Australia,New South Wales,2003,Wheat,Barley,2.1006129187378173,1.801596158002806,0.2990167607350114,4,Moderate season
United States,Kansas,2016,Wheat,Barley,2.926892993742183,2.6301042822222698,0.29678871151991304,4,Moderate season
Australia,Victoria,1998,Oats,Wheat,2.013972884460113,1.7176298684709508,0.29634301598916224,4,Moderate season
United States,Oklahoma,2005,Wheat,Barley,2.1640084049588584,1.8687210765322,0.2952873284266584,4,Hot-dry stress
United States,Minnesota,2018,Barley,Wheat,3.1898120646910884,2.8950030614615985,0.2948090032294899,4,Wet/storm risk
United States,Iowa,1996,Wheat,Oats,2.4790507013463428,2.186474050532179,0.29257665081416384,2,Wet/storm risk
United States,Nebraska,2014,Wheat,Barley,3.2576693774300063,2.966597251055285,0.29107212637472113,3,Moderate season
Australia,Queensland,2003,Barley,Wheat,2.004945274950632,1.7147132328866124,0.2902320420640194,4,Wet/storm risk
United States,Kansas,1998,Wheat,Barley,2.5035652484713715,2.2137031148704622,0.2898621336009093,4,Hot-dry stress
United States,Minnesota,1996,Wheat,Barley,3.048360970991952,2.759087148580506,0.2892738224114457,4,Wet/storm risk
Australia,South Australia,1998,Barley,Wheat,2.0882864691714413,1.7990533682661698,0.28923310090527155,4,Moderate season
United States,Iowa,1991,Wheat,Oats,2.1592152532736435,1.872094542638512,0.28712071063513145,2,Wet/storm risk
United States,Oklahoma,2014,Barley,Wheat,1.6923986956294854,1.4056584989461531,0.2867401966833323,4,Hot-dry stress
United States,Montana,2021,Barley,Wheat,2.982047899996731,2.698753557998925,0.28329434199780623,4,Dry-spell stress
Australia,Queensland,1992,Barley,Wheat,1.6322674217052842,1.350614844615461,0.28165257708982305,4,Wet/storm risk
United States,Kansas,2014,Wheat,Barley,2.1916183179081723,1.916010534683109,0.2756077832250634,4,Hot-dry stress
United States,Kansas,1995,Wheat,Barley,2.0606720868155906,1.78734040988701,0.2733316769285805,4,Moderate season
Australia,Victoria,2017,Barley,Oats,1.876617040969232,1.603829631083321,0.2727874098859109,4,Moderate season
Australia,New South Wales,2000,Wheat,Barley,2.2781615249595406,2.007347881593268,0.27081364336627267,4,Wet/storm risk
Australia,Queensland,2007,Barley,Wheat,1.3187938692117227,1.0480168124149665,0.27077705679675623,4,Wet/storm risk
Australia,South Australia,1991,Barley,Wheat,1.843390985260906,1.5727341385874751,0.27065684667343093,4,Moderate season
United States,Texas,2013,Barley,Wheat,2.1912779821998924,1.92062977522638,0.27064820697351255,3,Hot-dry stress
Australia,New South Wales,2001,Wheat,Barley,2.336418403611785,2.067860416672642,0.2685579869391428,4,Cold/frost stress
Australia,Queensland,2001,Barley,Wheat,1.8293019168768223,1.5610964840844197,0.2682054327924026,4,Dry-spell stress
Australia,Queensland,2009,Barley,Wheat,1.591994624068362,1.3248102207573285,0.26718440331103355,4,Wet/storm risk
United States,Kansas,2021,Wheat,Barley,2.6784612475888814,2.4113159639806625,0.2671452836082189,4,Hot-dry stress
United States,Montana,1989,Barley,Wheat,2.3688088029727417,2.1044174463432266,0.2643913566295151,4,Cold/frost stress
Australia,Queensland,1990,Barley,Wheat,2.128457757995922,1.8653521045574168,0.2631056534385052,4,Wet/storm risk
Australia,Victoria,2010,Wheat,Barley,2.619544467455565,2.3575651828103785,0.26197928464518627,4,Wet/storm risk
United States,Kansas,2003,Wheat,Barley,3.323829952533884,3.0627942835570217,0.2610356689768625,4,Hot-dry stress
Australia,New South Wales,2012,Barley,Wheat,2.1577386619505288,1.8968320221136772,0.2609066398368516,4,Cold/frost stress
United States,Washington,2020,Wheat,Barley,4.6008661095249845,4.340571843387512,0.260294266137473,4,Dry-spell stress
United States,Nebraska,2001,Wheat,Barley,2.652059702660885,2.391830930602091,0.2602287720587939,3,Moderate season
Australia,New South Wales,1992,Wheat,Barley,2.3328268095738247,2.0750331349014086,0.2577936746724161,4,Wet/storm risk
United States,South Dakota,2019,Wheat,Barley,3.5411897252217086,3.2857660026266253,0.2554237225950833,3,Cold/frost stress
United States,Texas,2003,Wheat,Barley,2.1826652528727672,1.9274200298633783,0.2552452230093889,3,Hot-dry stress
Australia,South Australia,2000,Barley,Wheat,2.215601798446564,1.963427753832573,0.25217404461399084,4,Wet/storm risk
United States,Texas,2016,Wheat,Barley,2.9697195936579064,2.718885795936076,0.25083379772183045,3,Hot-dry stress
Australia,Western Australia,2003,Barley,Wheat,2.339775517399227,2.089938274213432,0.24983724318579492,4,Moderate season
Australia,New South Wales,1998,Wheat,Barley,2.284091241664705,2.036027360798492,0.248063880866213,4,Wet/storm risk
Australia,New South Wales,2018,Barley,Wheat,1.4508628043208485,1.2030864581001497,0.24777634622069877,4,Cold/frost stress
Australia,South Australia,2006,Barley,Wheat,0.8949790564994324,0.6492644481245753,0.24571460837485715,4,Hot-dry stress
Australia,South Australia,2005,Barley,Wheat,2.2810309505909254,2.0354358592136235,0.24559509137730196,4,Wet/storm risk
Australia,New South Wales,2008,Wheat,Barley,1.556005688788229,1.311001541949794,0.24500414683843497,4,Cold/frost stress
United States,South Dakota,2012,Wheat,Barley,3.035767188825841,2.791135366704432,0.24463182212140921,3,Hot-dry stress
Australia,South Australia,2007,Barley,Wheat,1.4970959780450106,1.25355040939299,0.2435455686520207,4,Hot-dry stress
United States,Nebraska,1996,Barley,Wheat,2.985101799292994,2.742859013657652,0.24224278563534174,3,Wet/storm risk
United States,North Dakota,1995,Barley,Wheat,2.4515792817572506,2.210332875186637,0.24124640657061347,4,Moderate season
Australia,South Australia,1996,Barley,Wheat,1.980780778116641,1.7400082784165072,0.24077249970013392,4,Moderate season
Australia,South Australia,2014,Barley,Wheat,2.254199566263108,2.018154547592073,0.23604501867103478,4,Hot-dry stress
United States,Minnesota,2005,Wheat,Barley,2.7758511983506806,2.540459293792848,0.23539190455783254,4,Wet/storm risk
Australia,Western Australia,2007,Barley,Oats,2.050196974612888,1.8158423298605384,0.23435464475234946,4,Moderate season
Australia,South Australia,1990,Barley,Wheat,1.6928565036532577,1.4590536244610846,0.23380287919217313,4,Hot-dry stress
United States,Washington,1993,Wheat,Barley,3.922453340133594,3.6893493074669648,0.23310403266662938,4,Moderate season
United States,Minnesota,1992,Barley,Wheat,3.521915293603364,3.294762452477761,0.2271528411256032,4,Moderate season
United States,Minnesota,2010,Barley,Wheat,3.241027043139118,3.0140239371441693,0.22700310599494866,4,Wet/storm risk
United States,Kansas,2018,Wheat,Barley,3.074194489459992,2.84775987987749,0.22643460958250206,4,Hot-dry stress
Australia,Western Australia,2012,Barley,Oats,1.7165962252675708,1.4904738017703472,0.22612242349722367,4,Hot-dry stress
United States,Texas,1999,Wheat,Barley,2.1566303644855527,1.9321511689704645,0.22447919551508821,3,Hot-dry stress
United States,Kansas,1991,Wheat,Barley,2.12129576106568,1.8972351549586957,0.22406060610698453,4,Hot-dry stress
United States,Minnesota,2015,Barley,Wheat,3.973590644276955,3.7512827799735255,0.22230786430342953,4,Wet/storm risk
United States,Texas,2014,Wheat,Barley,1.99237356791916,1.7708013699763905,0.2215721979427696,3,Hot-dry stress
Australia,Victoria,2000,Wheat,Oats,2.7340748708381373,2.515596681074331,0.21847818976380617,4,Wet/storm risk
United States,Oklahoma,1992,Barley,Wheat,2.126900554899722,1.909091131387918,0.2178094235118042,4,Moderate season
United States,Minnesota,2011,Barley,Wheat,3.1081698803308457,2.890530658935365,0.21763922139548075,4,Moderate season
United States,Washington,2006,Wheat,Barley,3.4513665178916524,3.235717108965332,0.21564940892632034,4,Dry-spell stress
United States,Texas,1993,Barley,Wheat,2.300875891122696,2.0858839422701454,0.21499194885255068,3,Hot-dry stress
Australia,Tasmania,2006,Wheat,Barley,2.511448297497588,2.2986328397815816,0.2128154577160064,4,Dry-spell stress
Australia,Victoria,2002,Oats,Wheat,1.1496427658249706,0.9417961301022326,0.20784663572273798,4,Moderate season
Australia,South Australia,1993,Barley,Wheat,1.9111413716993535,1.7056929959129397,0.20544837578641384,4,Wet/storm risk
United States,South Dakota,2003,Wheat,Barley,2.769828833457531,2.5648188156329708,0.2050100178245602,3,Hot-dry stress
Australia,Queensland,2008,Barley,Wheat,2.014263783256149,1.8093419059611515,0.20492187729499745,4,Dry-spell stress
Australia,South Australia,1994,Barley,Wheat,1.359509884940115,1.1550494377096694,0.20446044723044565,4,Wet/storm risk
United States,Montana,2020,Barley,Wheat,3.073061926201201,2.869736585401944,0.20332534079925724,4,Cold/frost stress
Australia,New South Wales,2017,Barley,Wheat,1.527530424953866,1.3246950321528737,0.20283539280099228,4,Dry-spell stress
United States,South Dakota,1998,Wheat,Barley,2.6115028065417683,2.409424814620222,0.2020779919215463,3,Wet/storm risk
Australia,Western Australia,1990,Barley,Oats,1.6801148245367217,1.4793381406963304,0.20077668384039127,4,Moderate season
Australia,Western Australia,2020,Barley,Oats,2.207754803446198,2.0093844975913755,0.19837030585482252,4,Hot-dry stress
United States,Iowa,1993,Wheat,Oats,2.057565448492415,1.8608394743173864,0.19672597417502868,2,Wet/storm risk
Australia,Victoria,1989,Wheat,Oats,2.0138507962377554,1.8186298321496928,0.19522096408806267,4,Wet/storm risk
United States,Minnesota,2004,Barley,Wheat,3.572695343606772,3.3778082351811447,0.19488710842562718,4,Moderate season
United States,Oklahoma,2007,Barley,Wheat,2.0286585560419588,1.837365501900038,0.19129305414192088,4,Wet/storm risk
United States,Minnesota,2016,Barley,Wheat,3.914374123916072,3.7232757765684967,0.19109834734757536,4,Wet/storm risk
United States,Oklahoma,1989,Barley,Wheat,2.038633284740496,1.8492517440024845,0.1893815407380115,4,Wet/storm risk
United States,Minnesota,2008,Barley,Wheat,3.650722552569171,3.4620388667916457,0.18868368577752515,4,Moderate season
United States,Oklahoma,1990,Wheat,Barley,2.093171826459706,1.905380788444773,0.1877910380149328,4,Hot-dry stress
United States,Texas,2020,Wheat,Barley,2.147728457581649,1.960566866410126,0.18716159117152298,3,Hot-dry stress
United States,Minnesota,2009,Wheat,Barley,3.7877046338084983,3.601391944658351,0.1863126891501472,4,Wet/storm risk
United States,Minnesota,2007,Wheat,Barley,3.146481101092195,2.961402735206345,0.18507836588585036,4,Wet/storm risk
Australia,Western Australia,1999,Barley,Oats,2.0497013838583475,1.8646940316281864,0.18500735223016118,4,Wet/storm risk
United States,Oklahoma,2002,Barley,Wheat,2.022556903459443,1.83797887426096,0.1845780291984831,4,Hot-dry stress
United States,South Dakota,1995,Wheat,Barley,2.065532001548823,1.8818520279127768,0.18367997363604616,3,Moderate season
United States,Texas,1996,Barley,Wheat,1.7230000939064656,1.5404985738650951,0.18250152004137044,3,Hot-dry stress
Australia,South Australia,1997,Wheat,Barley,1.8895280294352523,1.707507417961561,0.1820206114736913,4,Wet/storm risk
United States,Nebraska,1999,Wheat,Barley,2.8643491511181742,2.686600967432967,0.17774818368520728,3,Moderate season
United States,Nebraska,2018,Wheat,Barley,2.730552604414454,2.553131732985072,0.17742087142938212,3,Wet/storm risk
United States,Oklahoma,2009,Barley,Wheat,1.792371916164182,1.615069768455883,0.177302147708299,4,Hot-dry stress
United States,Kansas,1990,Wheat,Barley,2.533068669368691,2.3588581115893303,0.17421055777936045,4,Hot-dry stress
Australia,Queensland,1993,Barley,Wheat,1.25710896103973,1.0844584230808445,0.1726505379588854,4,Wet/storm risk
United States,Kansas,2002,Wheat,Barley,2.342355601562442,2.170162887775394,0.17219271378704804,4,Hot-dry stress
United States,South Dakota,2005,Wheat,Barley,2.8171779026295627,2.645620162193101,0.17155774043646188,3,Hot-dry stress
United States,Oklahoma,2021,Barley,Wheat,2.1481663745800583,1.9778648222760795,0.1703015523039788,4,Hot-dry stress
United States,Texas,2009,Barley,Wheat,1.8971860631098147,1.727729141747762,0.1694569213620527,3,Hot-dry stress
Australia,South Australia,2010,Barley,Wheat,2.642562362481088,2.474172697532361,0.1683896649487271,4,Wet/storm risk
Australia,New South Wales,2005,Wheat,Barley,2.366071472852722,2.19864589065727,0.167425582195452,4,Wet/storm risk
Australia,New South Wales,2009,Barley,Wheat,1.340837815343754,1.1754312416209551,0.16540657372279877,4,Moderate season
United States,Texas,2001,Barley,Wheat,2.3744312302776067,2.210551750366624,0.16387947991098262,3,Hot-dry stress
Australia,Queensland,1995,Barley,Wheat,1.0503077734072357,0.8873005050346934,0.1630072683725423,4,Dry-spell stress
United States,Oklahoma,1993,Wheat,Barley,1.967112695054885,1.804796825147895,0.16231586990698998,4,Hot-dry stress
Australia,Victoria,1990,Oats,Wheat,1.722906255504896,1.5607508611884475,0.16215539431644843,4,Wet/storm risk
United States,Nebraska,1989,Barley,Wheat,2.106649247032118,1.945743514964432,0.16090573206768588,3,Moderate season
United States,Oklahoma,2017,Wheat,Barley,2.672712352384817,2.5146810011940675,0.15803135119074962,4,Hot-dry stress
United States,Oklahoma,1999,Wheat,Barley,2.260204905331057,2.103437163901836,0.156767741429221,4,Hot-dry stress
Australia,Queensland,2011,Barley,Wheat,2.2553890308986126,2.0994956881817406,0.15589334271687205,4,Wet/storm risk
United States,Nebraska,2015,Barley,Wheat,3.011857898346265,2.856356577626544,0.15550132071972111,3,Moderate season
United States,Nebraska,1991,Wheat,Barley,2.0930979847760893,1.9377697082585108,0.15532827651757852,3,Wet/storm risk
Australia,South Australia,1999,Barley,Wheat,1.7942534691033951,1.6426626837275622,0.15159078537583293,4,Moderate season
Australia,Western Australia,2000,Barley,Oats,1.4658783188877549,1.3155518256496843,0.15032649323807057,4,Dry-spell stress
United States,Oklahoma,2016,Barley,Wheat,2.9270533489833386,2.7778509285951203,0.1492024203882183,4,Hot-dry stress
Australia,Queensland,2005,Wheat,Barley,1.5918114684455689,1.4429386460616445,0.1488728223839244,4,Hot-dry stress
Australia,South Australia,2016,Barley,Wheat,2.3945193798725697,2.247582054856404,0.14693732501616585,4,Moderate season
Australia,New South Wales,2014,Barley,Wheat,2.1826706994616814,2.0366770157866663,0.14599368367501508,4,Hot-dry stress
United States,Kansas,2007,Wheat,Barley,2.5402663195341866,2.3958052687214235,0.14446105081276306,4,Wet/storm risk
United States,Minnesota,2013,Barley,Wheat,3.598821210136575,3.4549378179513006,0.14388339218527424,4,Wet/storm risk
United States,Minnesota,1999,Barley,Wheat,2.723981200512957,2.5801364989372373,0.14384470157571982,4,Wet/storm risk
Australia,Queensland,2021,Barley,Wheat,2.6569521946498496,2.513458269375544,0.1434939252743055,4,Wet/storm risk
Australia,Western Australia,2010,Barley,Oats,1.3654653371363596,1.2220137931541744,0.1434515439821853,4,Dry-spell stress
United States,Nebraska,2009,Wheat,Barley,3.2938722090286348,3.151694132985068,0.14217807604356691,3,Wet/storm risk
United States,South Dakota,2011,Wheat,Barley,2.306248401598056,2.164948513515516,0.14129988808254001,3,Wet/storm risk
United States,Oklahoma,2019,Barley,Wheat,2.565360427898801,2.42408042310277,0.14128000479603076,4,Wet/storm risk
United States,Nebraska,1992,Barley,Wheat,2.7677249989898534,2.6277603153481044,0.13996468364174897,3,Wet/storm risk
United States,South Dakota,2020,Wheat,Barley,2.981209268195969,2.841542164085981,0.1396671041099884,3,Cold/frost stress
Australia,South Australia,2009,Barley,Wheat,2.0739222988361004,1.9399730799206532,0.1339492189154472,4,Moderate season
Australia,New South Wales,2016,Wheat,Barley,3.4889194401305743,3.3550545932735014,0.1338648468570729,4,Wet/storm risk
Australia,Victoria,1995,Wheat,Barley,2.259567455640377,2.1275969116873994,0.1319705439529777,4,Wet/storm risk
Australia,South Australia,1995,Barley,Wheat,1.9476584303068751,1.8159413347075344,0.13171709559934075,4,Wet/storm risk
Australia,Victoria,1991,Oats,Wheat,1.888508509561583,1.7568664550549862,0.13164205450659683,4,Moderate season
United States,North Dakota,2015,Barley,Wheat,3.268845453036178,3.1375391779954387,0.13130627504073944,4,Moderate season
United States,Texas,1998,Barley,Wheat,2.296721669317757,2.1655838465314208,0.13113782278633623,3,Hot-dry stress
Australia,South Australia,2001,Barley,Wheat,2.460017688277219,2.330069220134628,0.1299484681425911,4,Moderate season
Australia,South Australia,2002,Barley,Wheat,1.3251082579914035,1.1952125967264906,0.12989566126491292,4,Moderate season
Australia,Western Australia,2017,Barley,Oats,2.453896131679831,2.325472571322954,0.12842356035687708,4,Moderate season
Australia,Queensland,2012,Barley,Wheat,1.8671747888616377,1.7400904299412543,0.1270843589203834,4,Hot-dry stress
Australia,Queensland,2004,Barley,Wheat,1.689724355498169,1.5626874347774449,0.12703692072072403,4,Hot-dry stress
Australia,Victoria,2018,Barley,Oats,1.7604374163078012,1.6338504217144942,0.1265869945933069,4,Moderate season
Australia,South Australia,2019,Barley,Wheat,1.8784203060919733,1.7520015638054915,0.12641874228648176,4,Hot-dry stress
United States,Texas,2018,Barley,Wheat,2.445208921691896,2.3197757591285235,0.12543316256337267,3,Hot-dry stress
Australia,South Australia,1989,Barley,Wheat,1.8733581339662524,1.748631371598894,0.12472676236735847,4,Moderate season
Australia,South Australia,2017,Barley,Wheat,2.0376137111728587,1.913718572910989,0.12389513826186982,4,Moderate season
United States,Minnesota,2012,Wheat,Barley,3.282417812138159,3.1585259976611386,0.12389181447702047,4,Wet/storm risk
Australia,Western Australia,1992,Barley,Oats,1.7929021219191623,1.669150204499628,0.12375191741953429,4,Moderate season
United States,South Dakota,2009,Wheat,Barley,3.0384060912679858,2.915863269219784,0.12254282204820166,3,Wet/storm risk
Australia,New South Wales,1997,Wheat,Barley,1.958716217718837,1.8366934219763849,0.12202279574245223,4,Cold/frost stress
Australia,Victoria,2011,Barley,Oats,2.42082843246673,2.2990271504852813,0.1218012819814489,4,Moderate season
United States,Texas,2005,Barley,Wheat,2.1377575811280547,2.0160444190483027,0.12171316207975202,3,Hot-dry stress
Australia,Queensland,2016,Barley,Wheat,2.757556320124172,2.639112642583563,0.11844367754060903,4,Moderate season
Australia,New South Wales,2011,Barley,Wheat,2.237078405126862,2.1193509777122697,0.11772742741459252,4,Cold/frost stress
United States,Texas,1991,Barley,Wheat,1.850035703218456,1.7328425865728594,0.11719311664559662,3,Hot-dry stress
United States,Texas,2002,Barley,Wheat,1.975757466719218,1.858635607474966,0.117121859244252,3,Hot-dry stress
Australia,Western Australia,1991,Barley,Oats,1.7236154808978803,1.6079254653794344,0.11569001551844593,4,Hot-dry stress
Australia,Victoria,2019,Oats,Barley,1.9383784671119224,1.8234598543836475,0.11491861272827486,4,Moderate season
Australia,Western Australia,1996,Barley,Oats,1.7543569276590198,1.6402940313911918,0.11406289626782806,4,Hot-dry stress
United States,Nebraska,1995,Wheat,Barley,2.3579657961093874,2.245075143439243,0.11289065267014431,3,Wet/storm risk
Australia,Victoria,2006,Wheat,Oats,0.8692729534894492,0.7568708077873898,0.11240214570205942,4,Dry-spell stress
Australia,Queensland,1991,Barley,Wheat,0.8164739864688295,0.7047878893034711,0.11168609716535838,4,Hot-dry stress
United States,Texas,2004,Barley,Wheat,1.6267359657613678,1.5164435227947195,0.11029244296664831,3,Hot-dry stress
Australia,Victoria,2004,Oats,Wheat,1.585307734226575,1.4753333283770087,0.10997440584956619,4,Moderate season
Australia,Western Australia,2001,Oats,Barley,1.988225241802854,1.8784874246025411,0.10973781720031295,4,Wet/storm risk
Australia,New South Wales,2010,Wheat,Barley,2.654951714250358,2.546354332823218,0.10859738142714015,4,Wet/storm risk
United States,Minnesota,2021,Barley,Wheat,3.5581785464402342,3.4498794464558458,0.10829909998438847,4,Wet/storm risk
Australia,Victoria,2007,Oats,Wheat,1.4586817223990558,1.3503904163364655,0.1082913060625903,4,Dry-spell stress
United States,Kansas,2020,Wheat,Barley,3.099137874590946,2.9940935992253865,0.1050442753655596,4,Wet/storm risk
Australia,Victoria,2021,Wheat,Barley,2.809581569137845,2.705285751783737,0.10429581735410798,4,Moderate season
United States,Oklahoma,2003,Wheat,Barley,2.5051091767467897,2.401727458620643,0.10338171812614672,4,Hot-dry stress
Australia,Victoria,2001,Wheat,Oats,2.367460604032368,2.264452797801788,0.10300780623057992,4,Moderate season
Australia,South Australia,2015,Barley,Wheat,2.0985600880476967,1.99569652540218,0.10286356264551677,4,Hot-dry stress
United States,South Dakota,2000,Wheat,Barley,2.7915019783519006,2.6888981085230568,0.10260386982884384,3,Moderate season
Australia,Queensland,1998,Barley,Wheat,1.933310455939667,1.8311737426212515,0.10213671331841545,4,Wet/storm risk
Australia,New South Wales,2004,Wheat,Barley,1.7494144427357408,1.6478990722759996,0.10151537045974113,4,Moderate season
Australia,New South Wales,2020,Wheat,Barley,3.0909134044597866,2.9899778895051075,0.10093551495467912,4,Wet/storm risk
United States,Oklahoma,2013,Barley,Wheat,2.114804558120258,2.0143484195401014,0.10045613858015656,4,Hot-dry stress
Australia,Queensland,2013,Barley,Wheat,1.4941227952818972,1.3945413712786685,0.09958142400322867,4,Hot-dry stress
United States,Nebraska,2016,Wheat,Barley,3.180070726916997,3.080612497631953,0.09945822928504411,3,Moderate season
United States,Minnesota,2014,Barley,Wheat,3.494142918722148,3.39506131109008,0.09908160763206819,4,Wet/storm risk
United States,South Dakota,1999,Wheat,Barley,2.61873064862544,2.520197510019796,0.09853313860564361,3,Wet/storm risk
United States,Texas,2021,Wheat,Barley,2.272288381094057,2.175333217133057,0.09695516396099979,3,Hot-dry stress
United States,Texas,1994,Barley,Wheat,1.7889948004812952,1.692385655118665,0.09660914536263032,3,Hot-dry stress
Australia,Western Australia,2004,Barley,Oats,1.9848540010157207,1.8910008628837964,0.09385313813192431,4,Moderate season
Australia,Queensland,2006,Barley,Wheat,1.2453423041253897,1.1515173744714349,0.09382492965395484,4,Moderate season
United States,Nebraska,2012,Wheat,Barley,2.288027459178429,2.1945261504260998,0.09350130875232932,3,Hot-dry stress
Australia,Queensland,2020,Barley,Wheat,2.07178772521681,1.9805416036122616,0.09124612160454859,4,Dry-spell stress
United States,Minnesota,2001,Barley,Wheat,3.2167630385965573,3.1259607419560203,0.09080229664053707,4,Moderate season
Australia,Queensland,2017,Wheat,Barley,1.578250539476406,1.48757523170656,0.09067530776984589,4,Hot-dry stress
Australia,Western Australia,2006,Barley,Oats,1.587902011642131,1.497273199671174,0.09062881197095707,4,Moderate season
Australia,Victoria,2020,Wheat,Oats,2.2091767835917016,2.118921560758168,0.09025522283353338,4,Moderate season
United States,North Dakota,2021,Barley,Wheat,3.1507281647647503,3.06077437474002,0.08995379002473047,4,Wet/storm risk
United States,Nebraska,2005,Wheat,Barley,2.614258515672556,2.5263155672158013,0.08794294845675488,3,Moderate season
Australia,Western Australia,2014,Barley,Oats,2.0735962465647377,1.9856636933304204,0.08793255323431737,4,Hot-dry stress
Australia,Victoria,2008,Barley,Oats,1.3582500334727587,1.2704853639338252,0.08776466953893358,4,Moderate season
United States,Nebraska,2013,Wheat,Barley,2.588738677191325,2.50459492666584,0.08414375052548495,3,Wet/storm risk
Australia,Western Australia,2016,Oats,Barley,2.078486921491073,1.9963272037247692,0.08215971776630382,4,Moderate season
Australia,South Australia,2004,Barley,Wheat,1.6825771463318135,1.6011218379759753,0.08145530835583825,4,Moderate season
United States,Oklahoma,2000,Barley,Wheat,2.275741104476153,2.196202921904275,0.07953818257187795,4,Hot-dry stress
Australia,Western Australia,2009,Barley,Wheat,1.82984928384826,1.7522288491473663,0.07762043470089375,4,Wet/storm risk
Australia,Western Australia,2011,Oats,Wheat,2.292192733576933,2.2145857476475266,0.0776069859294064,4,Wet/storm risk
Australia,Western Australia,2018,Oats,Barley,2.4739492873134683,2.3979663454473563,0.07598294186611199,4,Wet/storm risk
Australia,Victoria,2005,Barley,Wheat,2.254315607938312,2.1807534558525896,0.07356215208572259,4,Wet/storm risk
Australia,Western Australia,2005,Barley,Oats,2.146469309764515,2.073110567882423,0.07335874188209202,4,Moderate season
United States,Nebraska,2007,Barley,Wheat,2.949001183516741,2.8770670164855194,0.07193416703122146,3,Wet/storm risk
Australia,Western Australia,1997,Barley,Oats,1.738304333332242,1.66639634658881,0.07190798674343202,4,Moderate season
Australia,Western Australia,1993,Barley,Oats,1.94734841297978,1.8764015428005123,0.07094687017926771,4,Wet/storm risk
Australia,Western Australia,1998,Barley,Oats,1.8250318103274763,1.7548168443585448,0.07021496596893151,4,Moderate season
United States,South Dakota,1990,Wheat,Barley,2.35101062475699,2.283105741246584,0.06790488351040613,3,Moderate season
Australia,Victoria,2015,Oats,Barley,1.4096980993566115,1.341829114242111,0.06786898511450046,4,Hot-dry stress
Australia,Queensland,2010,Barley,Wheat,1.837322281455544,1.7702185635226098,0.06710371793293435,4,Moderate season
United States,Minnesota,1989,Barley,Wheat,2.868034099822578,2.801409333559043,0.06662476626353486,4,Cold/frost stress
United States,South Dakota,1989,Barley,Wheat,1.7359039791754984,1.669606261462108,0.06629771771339033,3,Moderate season
United States,Nebraska,1998,Barley,Wheat,2.519341225020902,2.4537330816147342,0.06560814340616794,3,Moderate season
Australia,Queensland,1997,Barley,Wheat,1.434509258896169,1.3698817087265986,0.06462755016957034,4,Dry-spell stress
United States,Nebraska,1994,Wheat,Barley,2.2369165873286434,2.172673434372077,0.06424315295656635,3,Wet/storm risk
Australia,New South Wales,2006,Barley,Wheat,0.8191303445560199,0.757293108392961,0.061837236163058806,4,Dry-spell stress
United States,Minnesota,2003,Barley,Wheat,3.875138825207937,3.813428771832452,0.06171005337548463,4,Moderate season
United States,Texas,2008,Wheat,Barley,1.7892517588605426,1.728291276755575,0.06096048210496763,3,Hot-dry stress
Australia,South Australia,2011,Barley,Wheat,1.9300933801695628,1.8702671141640412,0.059826266005521544,4,Moderate season
United States,Nebraska,1993,Wheat,Barley,2.183578319193861,2.1239154707498225,0.05966284844403846,3,Moderate season
Australia,South Australia,2020,Wheat,Barley,1.9742529160486264,1.9153841310087945,0.05886878503983195,4,Moderate season
United States,South Dakota,1991,Barley,Wheat,2.0936643202047005,2.035779118416516,0.05788520178818457,3,Wet/storm risk
United States,South Dakota,2001,Barley,Wheat,2.564790961716491,2.508132146464095,0.05665881525239591,3,Hot-dry stress
United States,Texas,2012,Wheat,Barley,2.122406394833778,2.066428482808847,0.055977912024931076,3,Hot-dry stress
United States,South Dakota,2006,Barley,Wheat,2.2355811482579364,2.179673787385786,0.05590736087215031,3,Hot-dry stress
United States,Oklahoma,1994,Barley,Wheat,1.8363321787493956,1.782133786183374,0.05419839256602166,4,Hot-dry stress
United States,South Dakota,1993,Barley,Wheat,2.274381089445905,2.221106171612502,0.0532749178334031,3,Moderate season
United States,Texas,1990,Barley,Wheat,1.9714392321106384,1.91859218292449,0.052847049186148354,3,Hot-dry stress
Australia,Victoria,1993,Wheat,Oats,2.2515021710005607,2.1989587871602136,0.05254338384034707,4,Wet/storm risk
Australia,South Australia,2018,Barley,Wheat,1.5013189530795337,1.4499804647308911,0.05133848834864252,4,Hot-dry stress
United States,Texas,1995,Barley,Wheat,2.066496464399778,2.015818173416971,0.050678290982807184,3,Hot-dry stress
Australia,Western Australia,1989,Oats,Barley,1.449884380232403,1.399567305938518,0.05031707429388499,4,Wet/storm risk
United States,Oklahoma,1997,Barley,Wheat,2.1100717313746715,2.060171447568721,0.04990028380595035,4,Hot-dry stress
Australia,South Australia,2012,Barley,Wheat,1.8372853695073608,1.7891222497023789,0.04816311980498189,4,Moderate season
United States,Nebraska,2008,Wheat,Barley,3.4051693035671686,3.3574823166194667,0.047686986947701904,3,Wet/storm risk
Australia,South Australia,2021,Barley,Wheat,2.0664721076813244,2.019038503300928,0.04743360438039623,4,Moderate season
United States,Oklahoma,1991,Wheat,Barley,1.9020320912744932,1.855326530838957,0.0467055604355362,4,Hot-dry stress
Australia,Western Australia,2021,Oats,Wheat,2.365853158740226,2.3194022964997614,0.04645086224046446,4,Wet/storm risk
United States,Texas,2000,Barley,Wheat,1.9791196464731708,1.9331048463331493,0.04601480014002157,3,Hot-dry stress
Australia,Victoria,2009,Oats,Wheat,1.9483986122954369,1.903156587004644,0.0452420252907928,4,Moderate season
Australia,Queensland,2019,Wheat,Barley,1.81688041545095,1.774600018526296,0.04228039692465391,4,Hot-dry stress
United States,Oklahoma,1998,Wheat,Barley,2.5189523692717968,2.476854985895756,0.04209738337604074,4,Hot-dry stress
Australia,Queensland,2000,Wheat,Barley,1.0803267914371344,1.0382463471275778,0.0420804443095566,4,Hot-dry stress
Australia,Western Australia,2002,Barley,Oats,1.4556566689964034,1.4145379909308424,0.04111867806556102,4,Hot-dry stress
United States,Kansas,2019,Wheat,Barley,2.7866619600739706,2.7458549688224685,0.04080699125150211,4,Wet/storm risk
United States,Texas,1989,Barley,Wheat,1.462076334124926,1.4223882841068534,0.03968805001807274,3,Hot-dry stress
Australia,New South Wales,2021,Wheat,Barley,2.4514780662468896,2.411923103225517,0.039554963021372735,4,Wet/storm risk
Australia,New South Wales,1996,Barley,Wheat,2.504734502102371,2.46567259554615,0.03906190655622099,4,Wet/storm risk
Australia,Victoria,1996,Wheat,Oats,1.996918119393876,1.95904004125248,0.0378780781413961,4,Wet/storm risk
United States,Nebraska,1997,Wheat,Barley,2.5772495848240418,2.5394398825744453,0.037809702249596455,3,Wet/storm risk
United States,Oklahoma,2015,Barley,Wheat,1.9154368341139385,1.879180866591492,0.03625596752244653,4,Wet/storm risk
United States,South Dakota,1997,Wheat,Barley,2.2073088658034807,2.1716181836300845,0.035690682173396215,3,Wet/storm risk
United States,Oklahoma,1996,Barley,Wheat,1.3620794156009968,1.3270531657306144,0.03502624987038239,4,Hot-dry stress
United States,Oklahoma,2012,Wheat,Barley,2.323891258951948,2.2906509728826654,0.03324028606928264,4,Hot-dry stress
United States,Nebraska,2020,Wheat,Barley,3.1147559483616805,3.0845153613053533,0.03024058705632715,3,Moderate season
Australia,South Australia,2013,Wheat,Barley,1.898513833732927,1.869222531145871,0.029291302587056034,4,Moderate season
Australia,Victoria,2003,Oats,Barley,2.528209585191771,2.5012890745061847,0.02692051068558632,4,Wet/storm risk
Australia,New South Wales,2002,Wheat,Barley,0.7916102521350763,0.7649361509730737,0.02667410116200264,4,Cold/frost stress
Australia,New South Wales,1995,Wheat,Barley,1.9783148190739728,1.9517735912737055,0.026541227800267242,4,Wet/storm risk
Australia,Western Australia,2008,Barley,Oats,2.073806742012592,2.0474094676301764,0.02639727438241568,4,Wet/storm risk
Australia,Western Australia,1995,Wheat,Barley,1.8626060387910852,1.83639222582139,0.02621381296969516,4,Hot-dry stress
United States,Texas,2006,Wheat,Barley,1.6938248784527925,1.6680247350072035,0.025800143445589008,3,Hot-dry stress
Australia,Queensland,1999,Wheat,Barley,1.9312903396719552,1.9080936067603904,0.023196732911564766,4,Moderate season
Australia,Victoria,1997,Oats,Wheat,1.871415557265232,1.84837966762118,0.02303588964405212,4,Moderate season
United States,Kansas,1993,Barley,Wheat,2.233316915635161,2.210494862080443,0.02282205355471767,4,Wet/storm risk
Australia,New South Wales,2007,Wheat,Barley,0.8100208160289357,0.7874312579138942,0.022589558115041486,4,Dry-spell stress
Australia,Queensland,2002,Barley,Wheat,1.1727215139662264,1.1501330766460345,0.02258843732019189,4,Hot-dry stress
Australia,South Australia,2003,Barley,Wheat,1.9865295885537744,1.9645789007599443,0.021950687793830026,4,Moderate season
United States,Minnesota,2006,Barley,Wheat,3.061564865045912,3.040848219648041,0.02071664539787088,4,Cold/frost stress
United States,Nebraska,2004,Wheat,Barley,2.742454905128768,2.722217102845244,0.020237802283523898,3,Moderate season
Australia,Queensland,1994,Wheat,Barley,0.7602301620013698,0.7403760069960765,0.019854155005293306,4,Hot-dry stress
United States,South Dakota,1996,Barley,Wheat,2.3946121766453343,2.3754566920824765,0.019155484562857872,3,Wet/storm risk
Australia,Victoria,1994,Oats,Wheat,1.2426587699656186,1.224373052006984,0.01828571795863465,4,Moderate season
United States,Nebraska,2010,Wheat,Barley,2.9651923378908025,2.949028581857554,0.0161637560332486,3,Wet/storm risk
Australia,Victoria,2014,Wheat,Oats,1.532871926244214,1.5195676838656351,0.013304242378578968,4,Moderate season
United States,Nebraska,2019,Wheat,Barley,2.7457444773975235,2.733490222718227,0.012254254679296306,3,Moderate season
Australia,Queensland,2014,Wheat,Barley,1.351432609452864,1.3394607989723668,0.011971810480497114,4,Hot-dry stress
United States,South Dakota,2002,Barley,Wheat,1.8538165575351453,1.8423368856289704,0.011479671906174937,3,Cold/frost stress
United States,Kansas,2012,Barley,Wheat,2.6524326717732887,2.641419002931029,0.011013668842259516,4,Hot-dry stress
United States,Nebraska,2011,Wheat,Barley,2.9700546336473987,2.959906118171484,0.010148515475914888,3,Moderate season
Australia,Victoria,1999,Wheat,Oats,2.099891493531988,2.0897577464862573,0.010133747045730779,4,Moderate season
Australia,New South Wales,2019,Wheat,Barley,1.2656728139707798,1.2563757093974737,0.009297104573306125,4,Hot-dry stress
Australia,Victoria,2013,Barley,Wheat,2.258105090602726,2.2512543639436435,0.006850726659082262,4,Wet/storm risk
United States,Nebraska,2017,Wheat,Barley,2.869738451334332,2.8632151169666344,0.006523334367697586,3,Wet/storm risk
United States,Texas,2010,Wheat,Barley,2.240756418876023,2.2369867257710974,0.0037696931049255866,3,Hot-dry stress
Australia,Victoria,2012,Barley,Oats,2.0883807263473275,2.086481218332751,0.0018995080145765009,4,Moderate season
Australia,Western Australia,1994,Oats,Barley,1.5557192090599554,1.555714631854871,4.577205084510538e-06,4,Dry-spell stress
